2019-04-27,1000553282,552493804,-1.08
2019-04-27,1001033886,552645032,2.33
2019-04-27,1001267019,552642743,2.21
2019-04-27,1001520758,552597199,33.71
2019-04-27,1001557050,552652918,-0.17
2019-04-27,1001919343,552619744,-2.47
2019-04-27,1002062501,552471556,-3.27
2019-04-27,1002341401,552560878,-2.18
2019-04-27,1002401541,552629440,-1.63
2019-04-27,1003006745,552542297,-3.2
2019-04-27,1003054726,552577593,-1.08
2019-04-27,1003686795,552533045,26.97
2019-04-27,1004043602,552504409,-1.09
2019-04-27,1005647050,552575213,0.53
2019-04-27,1006021087,552523605,-1.09
2019-04-27,1006524959,552654785,5.47
2019-04-27,1006751097,552539953,-1.06
2019-04-27,1006893004,552496436,-2.17
2019-04-27,1007019721,552612203,36.87
2019-04-27,1007573137,552582915,16.76
2019-04-27,1007717547,552544629,1.6
2019-04-27,1008588827,552573139,13.29
2019-04-27,1008764985,552629258,6.26
2019-04-27,1009674398,552626256,10.43
2019-04-27,1009807808,552646724,16.76
2019-04-27,1010628842,552467302,-2.16
2019-04-27,1010859625,552539204,7.22
2019-04-27,1011357030,552582689,15.27
2019-04-27,1011397767,552618151,15.37
2019-04-27,1011555065,552573342,-1.09
2019-04-27,1011758151,552625160,31.67
2019-04-27,1012635811,552556604,25.11
2019-04-27,1012703497,552545674,-4.24
2019-04-27,1012965253,552637604,24.25
2019-04-27,1013602753,552566245,20.23
2019-04-27,1014177531,552619677,6.42
2019-04-27,1014407506,552596243,-1.63
2019-04-27,1014912333,552471633,-0.54
2019-04-27,1016107982,552526827,43.17
2019-04-27,1016189296,552542646,-5.39
2019-04-27,1016388301,552608382,-2.71
2019-04-27,1018170164,552573214,-1.09
2019-04-27,1018201449,552655282,62.82
2019-04-27,1019398813,552588017,-4.8
2019-04-27,1019458808,552561399,11.62
2019-04-27,1019507068,552609704,-2.18
2019-04-27,1019694305,552651729,62.57
2019-04-27,1019976899,552574366,-3.18
2019-04-27,1020239538,552626430,3.26
2019-04-27,1020301900,552604996,-6.54
2019-04-27,1020957330,552468938,8.43
2019-04-27,1021364851,552547042,6.36
2019-04-27,1021831288,552513147,5.07
2019-04-27,1021859700,552464056,-4.61
2019-04-27,1022087600,552622395,-8.0
2019-04-27,1022126128,552641735,-5.09
2019-04-27,1022682181,552631363,17.46
2019-04-27,1024127612,552613456,-2.99
2019-04-27,1024341941,552627159,40.34
2019-04-27,1024376057,552646787,15.22
2019-04-27,1024571991,552614299,24.96
2019-04-27,1026387900,552472230,-1.09
2019-04-27,1026532714,552494677,-2.18
2019-04-27,1026878434,552535917,20.37
2019-04-27,1027501324,552615216,-1.08
2019-04-27,1028029978,552553959,32.88
2019-04-27,1028254209,552552865,-4.24
2019-04-27,1029217353,552531175,-0.54
2019-04-27,1029750380,552489216,-2.14
2019-04-27,1030363689,552598175,13.96
2019-04-27,1030821247,552591318,32.36
2019-04-27,1030974324,552623831,6.53
2019-04-27,1031319986,552488452,21.7
2019-04-27,1031656451,552532738,-4.54
2019-04-27,1033666346,552527596,17.57
2019-04-27,1033904184,552625543,-1.08
2019-04-27,1034044945,552642396,-1.09
2019-04-27,1034498205,552585537,-2.18
2019-04-27,1034834253,552639094,5.92
2019-04-27,1035329810,552522146,-3.27
2019-04-27,1035341782,552573185,22.92
2019-04-27,1035584838,552555539,-1.09
2019-04-27,1037323240,552589366,-1.08
2019-04-27,1037344943,552640683,-1.63
2019-04-27,1037768896,552642557,11.49
2019-04-27,1038725761,552529207,22.28
2019-04-27,1038736186,552520377,3.72
2019-04-27,1039764924,552584429,-3.24
2019-04-27,1039764924,552591463,36.82
2019-04-27,1040167796,552607455,29.56
2019-04-27,1040329504,552656327,23.24
2019-04-27,1041225825,552558992,2.39
2019-04-27,1041715527,552620564,-0.83
2019-04-27,1041743754,552607342,2.97
2019-04-27,1041792836,552599588,15.24
2019-04-27,1042098643,552526767,-0.81
2019-04-27,1042981413,552608744,-1.85
2019-04-27,1043279328,552582972,8.6
2019-04-27,1044366060,552582664,-3.48
2019-04-27,1044367090,552547205,-1.11
2019-04-27,1045254922,552579665,15.84
2019-04-27,1045474831,552504375,23.57
2019-04-27,1046358446,552586704,11.82
2019-04-27,1046968962,552629156,24.33
2019-04-27,1048262334,552602346,3.81
2019-04-27,1049181866,552653509,46.49
2019-04-27,1050317620,552628466,4.01
2019-04-27,1050319859,552640735,30.79
2019-04-27,1050393297,552655641,14.59
2019-04-27,1051380811,552636193,33.02
2019-04-27,1052095389,552582089,-2.13
2019-04-27,1052447616,552514091,-1.08
2019-04-27,1052514185,552580376,-1.09
2019-04-27,1052541331,552498615,4.49
2019-04-27,1052777382,552615077,5.33
2019-04-27,1053837139,552505959,-2.19
2019-04-27,1054180778,552474697,-2.18
2019-04-27,1054691028,552528010,-2.75
2019-04-27,1055131093,552535954,-6.43
2019-04-27,1055950998,552505803,-2.14
2019-04-27,1056434440,552490477,25.82
2019-04-27,1057184725,552626476,2.13
2019-04-27,1057424688,552639788,20.66
2019-04-27,1057535353,552617561,8.41
2019-04-27,1058497084,552569640,-1.09
2019-04-27,1059613809,552604244,-3.26
2019-04-27,1061223388,552535943,-1.07
2019-04-27,1062354499,552647326,24.24
2019-04-27,1062763226,552654574,20.77
2019-04-27,1062914440,552643637,26.47
2019-04-27,1063474498,552516457,-2.14
2019-04-27,1064521732,552489093,-2.09
2019-04-27,1064686453,552628514,33.94
2019-04-27,1065003837,552620609,16.82
2019-04-27,1065165407,552637833,21.34
2019-04-27,1065703799,552575735,3.22
2019-04-27,1066181227,552483941,-1.06
2019-04-27,1066485302,552579899,-2.25
2019-04-27,1066498124,552589668,-4.3
2019-04-27,1067786485,552479667,-3.48
2019-04-27,1068280808,552480607,-1.09
2019-04-27,1068705730,552631035,-1.61
2019-04-27,1068888490,552502373,-1.62
2019-04-27,1069701549,552526226,-3.2
2019-04-27,1069972469,552642262,13.71
2019-04-27,1070015275,552509934,-3.82
2019-04-27,1070318350,552482726,19.48
2019-04-27,1070540931,552650714,13.99
2019-04-27,1070698347,552633819,-3.24
2019-04-27,1071672750,552641426,-1.05
2019-04-27,1072165359,552497654,-2.49
2019-04-27,1072223933,552512287,7.63
2019-04-27,1072260326,552609867,50.58
2019-04-27,1072358565,552601449,34.22
2019-04-27,1073014048,552623386,37.54
2019-04-27,1073204742,552604890,-2.13
2019-04-27,1073526795,552511567,10.35
2019-04-27,1073526795,552557896,47.56
2019-04-27,1075343638,552558778,-2.12
2019-04-27,1075924542,552649601,-2.33
2019-04-27,1076557673,552636228,-15.44
2019-04-27,1076972268,552640284,-1.1
2019-04-27,1077112929,552520906,-4.62
2019-04-27,1078168382,552559402,-1.11
2019-04-27,1078506585,552581528,3.27
2019-04-27,1079378184,552599690,2.9
2019-04-27,1079649433,552493240,-3.18
2019-04-27,1080284714,552513192,-4.4
2019-04-27,1080567048,552555616,-2.14
2019-04-27,1081886109,552584348,-2.18
2019-04-27,1082350460,552513969,-1.09
2019-04-27,1082662026,552530661,32.01
2019-04-27,1082979958,552478894,-0.55
2019-04-27,1083358944,552642882,15.27
2019-04-27,1085127080,552626792,-3.32
2019-04-27,1085146430,552494230,-1.07
2019-04-27,1085238988,552597654,-1.08
2019-04-27,1085238988,552600541,-2.7
2019-04-27,1086439815,552621745,13.06
2019-04-27,1087220282,552471265,18.27
2019-04-27,1087491064,552529486,-1.37
2019-04-27,1088814613,552492907,-1.09
2019-04-27,1089115908,552619577,-1.36
2019-04-27,1089270100,552528637,-1.65
2019-04-27,1089417117,552566364,12.89
2019-04-27,1089612705,552606186,-5.45
2019-04-27,1090407030,552546200,17.95
2019-04-27,1091936972,552493613,-1.09
2019-04-27,1092132042,552541207,20.36
2019-04-27,1092335257,552621454,27.64
2019-04-27,1092795970,552569702,-5.51
2019-04-27,1093351106,552597446,18.72
2019-04-27,1093517316,552637284,7.63
2019-04-27,1094024671,552518179,14.42
2019-04-27,1094094069,552526645,10.97
2019-04-27,1094620125,552521148,38.06
2019-04-27,1095966541,552570723,-3.26
2019-04-27,1096012878,552601524,48.41
2019-04-27,1096314978,552613782,-2.6
2019-04-27,1096933275,552624398,-1.08
2019-04-27,1098425625,552478067,-1.1
2019-04-27,1099295649,552536950,-3.27
2019-04-27,1099887511,552627750,4.5
2019-04-27,1100305735,552620912,11.49
2019-04-27,1100329603,552574037,23.67
2019-04-27,1100520359,552585139,5.95
2019-04-27,1100933005,552497873,10.64
2019-04-27,1101020731,552524181,-2.73
2019-04-27,1101529036,552621099,8.34
2019-04-27,1102816083,552652941,13.21
2019-04-27,1104250555,552575581,8.17
2019-04-27,1104271158,552632322,6.75
2019-04-27,1104743672,552613902,20.71
2019-04-27,1104761802,552554558,51.73
2019-04-27,1104838760,552510161,48.09
2019-04-27,1105141661,552531283,-7.62
2019-04-27,1106853764,552570688,-1.08
2019-04-27,1107954016,552546524,-1.63
2019-04-27,1108573194,552623280,-9.8
2019-04-27,1109086667,552616741,10.88
2019-04-27,1109430569,552519812,19.72
2019-04-27,1110067130,552546832,2.49
2019-04-27,1110067130,552464903,-2.16
2019-04-27,1110415860,552632781,15.92
2019-04-27,1110597171,552524603,25.99
2019-04-27,1111287247,552570179,123.09
2019-04-27,1112418555,552490437,-1.07
2019-04-27,1112923338,552461672,-3.0
2019-04-27,1112933695,552581808,3.79
2019-04-27,1112961713,552501030,-1.09
2019-04-27,1112983801,552618970,2.18
2019-04-27,1113069171,552611785,-4.5
2019-04-27,1113099765,552606878,33.82
2019-04-27,1113184704,552576594,-7.61
2019-04-27,1114310152,552575701,-1.6
2019-04-27,1115304706,552642938,-1.65
2019-04-27,1117068320,552499663,-2.83
2019-04-27,1117710144,552639307,29.46
2019-04-27,1118011529,552628557,15.88
2019-04-27,1118184650,552605734,19.76
2019-04-27,1118673219,552629725,-2.16
2019-04-27,1118867323,552556913,-0.53
2019-04-27,1119045112,552600807,21.96
2019-04-27,1119698476,552465066,-3.24
2019-04-27,1120397716,552592906,66.64
2019-04-27,1121090858,552475961,-0.53
2019-04-27,1121278961,552489388,5.5
2019-04-27,1121875210,552640850,14.37
2019-04-27,1121965052,552650805,32.82
2019-04-27,1123341716,552525865,56.09
2019-04-27,1123734435,552537240,1.09
2019-04-27,1124647178,552630641,-0.81
2019-04-27,1124747967,552549220,27.96
2019-04-27,1125469133,552582403,8.35
2019-04-27,1125953191,552637216,-1.09
2019-04-27,1125989741,552623298,9.8
2019-04-27,1126332853,552636305,24.16
2019-04-27,1126665373,552570669,-4.36
2019-04-27,1126724917,552493675,-4.99
2019-04-27,1127564148,552480304,40.72
2019-04-27,1127641448,552543699,19.99
2019-04-27,1128609013,552578928,-5.39
2019-04-27,1128629734,552571877,-2.17
2019-04-27,1129066749,552601369,9.98
2019-04-27,1129318041,552518686,-2.18
2019-04-27,1129876016,552634099,-14.64
2019-04-27,1129883855,552601533,-1.62
2019-04-27,1130325574,552620107,3.22
2019-04-27,1130495251,552527756,27.56
2019-04-27,1130829207,552627796,10.89
2019-04-27,1132159208,552476862,-4.35
2019-04-27,1132450050,552627871,47.63
2019-04-27,1132987393,552580779,27.25
2019-04-27,1133040114,552501772,-0.27
2019-04-27,1133337574,552545934,8.65
2019-04-27,1134061133,552641343,12.17
2019-04-27,1134614812,552636829,67.55
2019-04-27,1135890899,552503542,-0.81
2019-04-27,1136265091,552649733,18.66
2019-04-27,1136364377,552621875,17.06
2019-04-27,1136662831,552655939,28.81
2019-04-27,1136833675,552496458,-4.36
2019-04-27,1137907639,552598115,-1.09
2019-04-27,1138120097,552624745,8.17
2019-04-27,1138727144,552541838,-1.11
2019-04-27,1139614459,552471330,-3.2
2019-04-27,1140196662,552603380,14.57
2019-04-27,1140795683,552538015,4.35
2019-04-27,1140904411,552618587,14.36
2019-04-27,1141202032,552544305,-2.18
2019-04-27,1141281393,552595819,23.21
2019-04-27,1141525963,552600232,16.5
2019-04-27,1142663724,552471374,-2.17
2019-04-27,1142834754,552474403,-3.24
2019-04-27,1142854739,552588551,52.7
2019-04-27,1144611100,552644951,4.26
2019-04-27,1146433218,552603743,-1.09
2019-04-27,1147152310,552579191,7.47
2019-04-27,1147386694,552614494,-1.09
2019-04-27,1147501955,552543746,18.07
2019-04-27,1148779089,552628298,13.21
2019-04-27,1149229644,552634363,24.43
2019-04-27,1149332157,552655006,6.35
2019-04-27,1149781906,552568094,8.1
2019-04-27,1149818102,552637677,-2.19
2019-04-27,1150890086,552516947,16.44
2019-04-27,1151021808,552583687,-2.67
2019-04-27,1152407648,552649359,-0.93
2019-04-27,1152784378,552598529,24.36
2019-04-27,1152953172,552516779,-1.09
2019-04-27,1153660277,552639571,-4.35
2019-04-27,1153728090,552655137,8.56
2019-04-27,1154704754,552563190,-2.12
2019-04-27,1154833473,552552595,22.35
2019-04-27,1154908724,552601502,-5.44
2019-04-27,1155238640,552564046,26.67
2019-04-27,1156991683,552582397,38.74
2019-04-27,1157430763,552517097,14.14
2019-04-27,1157833616,552551791,-1.63
2019-04-27,1158038484,552612939,5.3
2019-04-27,1158748486,552524625,-1.62
2019-04-27,1158752542,552576592,-1.09
2019-04-27,1158942608,552493666,-0.54
2019-04-27,1160071633,552606714,-8.7
2019-04-27,1160108589,552464415,-1.08
2019-04-27,1160235253,552614139,14.25
2019-04-27,1160300207,552473541,-2.18
2019-04-27,1161000613,552619120,20.44
2019-04-27,1161000613,552613083,65.8
2019-04-27,1161227423,552578424,26.5
2019-04-27,1162989137,552623760,-1.42
2019-04-27,1162989137,552654043,54.04
2019-04-27,1163356069,552548782,-0.76
2019-04-27,1163417363,552581436,-1.36
2019-04-27,1164205671,552569183,7.04
2019-04-27,1164265976,552531140,-2.14
2019-04-27,1164274010,552597417,43.26
2019-04-27,1164442124,552518167,-3.27
2019-04-27,1164525004,552592268,24.32
2019-04-27,1164658976,552561328,-2.21
2019-04-27,1164772801,552593398,29.81
2019-04-27,1165127164,552611959,23.43
2019-04-27,1165321752,552635243,13.95
2019-04-27,1166034396,552520419,21.02
2019-04-27,1166142637,552484268,-2.13
2019-04-27,1166346598,552561069,11.52
2019-04-27,1166472316,552598632,-0.8
2019-04-27,1166583772,552609852,-0.81
2019-04-27,1167405260,552554445,-2.18
2019-04-27,1169133295,552469581,18.68
2019-04-27,1169311703,552504605,-0.54
2019-04-27,1169716111,552642107,-2.31
2019-04-27,1170581518,552606498,1.25
2019-04-27,1170812714,552555696,-0.81
2019-04-27,1170965715,552623680,14.15
2019-04-27,1171637568,552610302,33.21
2019-04-27,1171807040,552515588,-4.9
2019-04-27,1172122614,552607127,2.75
2019-04-27,1173131267,552515923,22.76
2019-04-27,1173415254,552604102,5.4
2019-04-27,1173469389,552499399,-2.17
2019-04-27,1173696391,552637818,10.28
2019-04-27,1173927668,552576329,14.1
2019-04-27,1174447319,552645567,-1.08
2019-04-27,1174932225,552630774,-3.25
2019-04-27,1175377250,552569835,-0.79
2019-04-27,1176707853,552621342,28.98
2019-04-27,1176831444,552496934,-2.14
2019-04-27,1177929768,552472778,-6.4
2019-04-27,1178149554,552619271,-13.22
2019-04-27,1178310577,552611865,-1.75
2019-04-27,1179943046,552635141,2.15
2019-04-27,1180200427,552469124,-1.6
2019-04-27,1180287626,552587092,35.72
2019-04-27,1180361886,552511175,-1.63
2019-04-27,1181445139,552540688,-0.8
2019-04-27,1181758895,552636834,27.47
2019-04-27,1182284886,552613161,15.28
2019-04-27,1182717661,552482215,-1.6
2019-04-27,1182746096,552613595,28.34
2019-04-27,1182889429,552495418,-2.18
2019-04-27,1183901706,552651035,64.68
2019-04-27,1185086137,552604650,33.07
2019-04-27,1185267022,552528237,-5.42
2019-04-27,1185507437,552599755,24.69
2019-04-27,1185786638,552483699,11.15
2019-04-27,1186494702,552655262,18.43
2019-04-27,1186568917,552519896,-1.08
2019-04-27,1186670557,552624858,10.94
2019-04-27,1186739500,552614110,7.54
2019-04-27,1186800746,552574087,2.68
2019-04-27,1187195151,552540643,-6.68
2019-04-27,1187720430,552491474,-2.17
2019-04-27,1188093984,552640305,16.52
2019-04-27,1188217225,552535718,-8.0
2019-04-27,1188229058,552492204,-3.25
2019-04-27,1190275597,552555491,31.75
2019-04-27,1190550754,552645483,8.6
2019-04-27,1192771851,552569764,-1.09
2019-04-27,1193214296,552610806,-0.92
2019-04-27,1193477703,552511227,-2.16
2019-04-27,1193871730,552594021,15.17
2019-04-27,1194045904,552575015,-4.35
2019-04-27,1194679759,552643653,12.79
2019-04-27,1194837712,552619303,1.63
2019-04-27,1195536172,552536954,-1.09
2019-04-27,1195582527,552541682,-1.08
2019-04-27,1197385216,552617107,8.81
2019-04-27,1198088861,552653255,31.05
2019-04-27,1198221592,552647254,22.32
2019-04-27,1198428231,552509358,-3.28
2019-04-27,1198439582,552555967,12.77
2019-04-27,1198673236,552513663,-2.17
2019-04-27,1199036840,552506681,27.77
2019-04-27,1199286297,552651908,-4.39
2019-04-27,1199508930,552533518,-2.66
2019-04-27,1199670183,552531370,-2.2
2019-04-27,1200087544,552577836,16.72
2019-04-27,1201412834,552533191,-0.61
2019-04-27,1201807662,552474717,16.54
2019-04-27,1203990577,552636424,34.38
2019-04-27,1204125344,552620933,25.05
2019-04-27,1206230655,552655663,14.01
2019-04-27,1206518363,552655677,19.46
2019-04-27,1206813575,552611394,9.77
2019-04-27,1207130344,552500769,-1.97
2019-04-27,1209531039,552615478,16.53
2019-04-27,1209940181,552596249,3.9
2019-04-27,1211023015,552484891,-2.18
2019-04-27,1211456480,552592111,24.38
2019-04-27,1213065087,552620526,-19.19
2019-04-27,1214978542,552623409,12.86
2019-04-27,1215676407,552633557,-7.56
2019-04-27,1215799461,552540300,43.25
2019-04-27,1216201481,552475433,-2.07
2019-04-27,1216277040,552617327,43.34
2019-04-27,1216743482,552614960,-1.08
2019-04-27,1216754305,552548840,-1.09
2019-04-27,1217203652,552590100,36.14
2019-04-27,1217261595,552546678,-2.17
2019-04-27,1217515408,552585607,21.24
2019-04-27,1217993275,552644909,-3.28
2019-04-27,1218086603,552610391,-8.59
2019-04-27,1218415355,552578543,28.28
2019-04-27,1218452254,552475671,36.68
2019-04-27,1218527758,552612945,-10.53
2019-04-27,1218828129,552647216,3.4
2019-04-27,1219080140,552604850,17.85
2019-04-27,1220149470,552560396,9.25
2019-04-27,1221245539,552582882,5.94
2019-04-27,1221568049,552601569,-2.46
2019-04-27,1221802112,552474483,-3.27
2019-04-27,1222665188,552615208,-2.18
2019-04-27,1222800051,552649545,-0.81
2019-04-27,1222835602,552505901,-2.17
2019-04-27,1223595878,552600304,5.45
2019-04-27,1224459552,552478050,-3.26
2019-04-27,1225038141,552494557,-0.83
2019-04-27,1225146735,552507348,33.63
2019-04-27,1225164781,552649106,12.2
2019-04-27,1226600001,552617457,19.46
2019-04-27,1226668158,552486923,-0.53
2019-04-27,1226789222,552642540,32.93
2019-04-27,1227115809,552505375,-2.18
2019-04-27,1228533749,552590014,4.23
2019-04-27,1229007992,552634415,21.42
2019-04-27,1229256921,552603092,3.0
2019-04-27,1229729475,552623267,-4.03
2019-04-27,1230125053,552634135,12.13
2019-04-27,1230889565,552649606,2.42
2019-04-27,1231070728,552654527,-4.08
2019-04-27,1232044540,552576184,-1.08
2019-04-27,1232920758,552613216,34.1
2019-04-27,1232920758,552607291,-5.23
2019-04-27,1233273418,552541898,28.62
2019-04-27,1233340055,552633714,-1.1
2019-04-27,1234199649,552644525,-0.5
2019-04-27,1235174538,552654190,33.61
2019-04-27,1235279986,552515253,-2.2
2019-04-27,1236010587,552487403,-0.55
2019-04-27,1236176872,552560693,-1.64
2019-04-27,1237136730,552590289,25.58
2019-04-27,1237300248,552633965,34.76
2019-04-27,1237434057,552549727,-2.18
2019-04-27,1238498105,552574679,-3.81
2019-04-27,1239367639,552482698,-5.45
2019-04-27,1239936559,552478381,17.27
2019-04-27,1239952726,552574291,7.99
2019-04-27,1240277504,552568268,-4.9
2019-04-27,1240366626,552590728,-1.06
2019-04-27,1240657689,552493094,31.58
2019-04-27,1242842178,552575150,14.94
2019-04-27,1243026737,552547748,-3.27
2019-04-27,1243151028,552647032,2.18
2019-04-27,1245155241,552572225,21.6
2019-04-27,1245380103,552597314,-0.65
2019-04-27,1246206846,552624640,-1.64
2019-04-27,1246862229,552636117,4.85
2019-04-27,1247105074,552620028,16.01
2019-04-27,1247134150,552503254,62.26
2019-04-27,1247194749,552508681,-2.72
2019-04-27,1247966593,552540419,6.54
2019-04-27,1247994268,552628456,-3.26
2019-04-27,1248193673,552481232,17.38
2019-04-27,1249529944,552585187,21.53
2019-04-27,1249554613,552655476,14.42
2019-04-27,1249883096,552497394,-1.08
2019-04-27,1251084698,552492272,3.73
2019-04-27,1251717864,552471234,-2.12
2019-04-27,1251736349,552545844,6.4
2019-04-27,1252826166,552474990,-1.64
2019-04-27,1253291263,552606623,-4.07
2019-04-27,1253291263,552609922,-2.0
2019-04-27,1253526989,552600600,32.67
2019-04-27,1253681683,552562045,-2.21
2019-04-27,1253811651,552507587,-4.35
2019-04-27,1253983053,552613297,-28.79
2019-04-27,1254144827,552497137,-1.09
2019-04-27,1254218365,552650218,32.48
2019-04-27,1254297388,552647599,-2.18
2019-04-27,1254779906,552478358,-3.26
2019-04-27,1255060786,552560795,-4.24
2019-04-27,1255412996,552571543,-2.16
2019-04-27,1255611773,552495386,-1.09
2019-04-27,1255669519,552477831,-10.66
2019-04-27,1256620906,552581395,9.28
2019-04-27,1257207396,552498708,31.49
2019-04-27,1257392561,552627926,56.33
2019-04-27,1258161865,552653909,19.95
2019-04-27,1258645763,552466763,-1.64
2019-04-27,1259542847,552496262,-2.12
2019-04-27,1259580101,552627185,-0.5
2019-04-27,1260072525,552542151,-2.07
2019-04-27,1260146922,552506609,6.52
2019-04-27,1260702876,552555024,5.44
2019-04-27,1260875016,552522526,18.97
2019-04-27,1260935831,552467136,-1.1
2019-04-27,1261177566,552605528,19.98
2019-04-27,1261837683,552628354,-5.0
2019-04-27,1262053351,552603240,3.82
2019-04-27,1262392562,552650181,13.43
2019-04-27,1263000657,552632518,19.67
2019-04-27,1263117664,552607784,-18.49
2019-04-27,1263857123,552617281,-1.07
2019-04-27,1264866224,552536075,-5.33
2019-04-27,1265740409,552597957,9.06
2019-04-27,1265852622,552614864,-1.1
2019-04-27,1266564735,552573739,-1.09
2019-04-27,1267931765,552628740,25.02
2019-04-27,1268333422,552628742,24.36
2019-04-27,1268378072,552652807,13.61
2019-04-27,1268378072,552652027,10.07
2019-04-27,1268999699,552654301,14.84
2019-04-27,1269320490,552534006,-0.53
2019-04-27,1269558488,552576109,69.28
2019-04-27,1270023159,552570608,-2.7
2019-04-27,1271482627,552593293,-3.27
2019-04-27,1272038519,552621969,-1.09
2019-04-27,1272795544,552573782,32.66
2019-04-27,1273285875,552588303,-0.54
2019-04-27,1273979200,552583517,18.9
2019-04-27,1274577833,552640065,-2.14
2019-04-27,1276250018,552562368,-1.08
2019-04-27,1276444970,552570101,12.59
2019-04-27,1276925521,552511647,-2.18
2019-04-27,1277536128,552643543,32.04
2019-04-27,1278194705,552579156,-0.54
2019-04-27,1279599425,552646507,-1.64
2019-04-27,1279674758,552583610,3.81
2019-04-27,1280171505,552543375,2.38
2019-04-27,1281094598,552627130,-0.55
2019-04-27,1281575256,552621868,1.84
2019-04-27,1282312693,552533715,-15.95
2019-04-27,1282904383,552652921,-5.06
2019-04-27,1283088489,552572226,2.0
2019-04-27,1283430951,552655889,-0.81
2019-04-27,1283486518,552643239,27.07
2019-04-27,1283654995,552536786,-4.35
2019-04-27,1284074768,552481133,-0.82
2019-04-27,1285097674,552597705,3.79
2019-04-27,1285532031,552615003,-5.44
2019-04-27,1286406220,552563930,17.31
2019-04-27,1286672158,552645365,-7.58
2019-04-27,1286805471,552562868,-4.26
2019-04-27,1287170406,552580019,-1.62
2019-04-27,1287492588,552561467,-3.52
2019-04-27,1288013743,552497265,-0.27
2019-04-27,1288047787,552651111,-1.07
2019-04-27,1288485841,552625365,-2.99
2019-04-27,1289718396,552476414,-2.17
2019-04-27,1289899306,552599814,-2.19
2019-04-27,1290121148,552636289,-8.71
2019-04-27,1291257062,552579901,19.51
2019-04-27,1291694707,552545171,-2.16
2019-04-27,1291776999,552631586,15.66
2019-04-27,1291827305,552548777,11.01
2019-04-27,1292518372,552504181,-0.54
2019-04-27,1292961483,552573037,23.69
2019-04-27,1293426979,552511625,-2.79
2019-04-27,1293484403,552645850,20.5
2019-04-27,1294199866,552647725,-1.63
2019-04-27,1294208585,552516941,-1.08
2019-04-27,1294452737,552635761,18.46
2019-04-27,1297419625,552473954,32.43
2019-04-27,1297985637,552629973,-11.74
2019-04-27,1298806158,552653396,24.08
2019-04-27,1298840227,552482608,28.89
2019-04-27,1298953972,552554731,-0.8
2019-04-27,1299017387,552533841,-4.36
2019-04-27,1299547131,552520911,4.36
2019-04-27,1299936528,552571686,-1.61
2019-04-27,1300484942,552638501,-1.09
2019-04-27,1301152446,552553966,30.56
2019-04-27,1301498074,552596024,26.06
2019-04-27,1301534707,552629342,-5.0
2019-04-27,1302193504,552651845,-6.51
2019-04-27,1303230433,552641282,20.5
2019-04-27,1303309708,552517322,-1.09
2019-04-27,1303429089,552644057,32.06
2019-04-27,1303767004,552601262,-2.76
2019-04-27,1303830971,552594077,24.71
2019-04-27,1304185190,552563827,10.47
2019-04-27,1304859949,552555883,-1.08
2019-04-27,1305190435,552504444,13.96
2019-04-27,1305285076,552487957,-1.1
2019-04-27,1305285975,552518956,2.21
2019-04-27,1306613570,552468590,-0.55
2019-04-27,1306680978,552606588,-3.35
2019-04-27,1307153366,552587685,3.7
2019-04-27,1307754573,552653743,16.05
2019-04-27,1308449044,552548957,-1.63
2019-04-27,1309402633,552488922,23.2
2019-04-27,1309939170,552572366,-3.32
2019-04-27,1310101126,552627254,-0.81
2019-04-27,1312229293,552625423,3.27
2019-04-27,1312229293,552617091,7.62
2019-04-27,1313263025,552559328,0.53
2019-04-27,1313832338,552542566,-2.13
2019-04-27,1314210580,552603868,12.36
2019-04-27,1314463562,552653896,20.06
2019-04-27,1315021235,552507039,-1.63
2019-04-27,1315693888,552623288,2.18
2019-04-27,1315838963,552649490,4.35
2019-04-27,1316651973,552620375,-3.26
2019-04-27,1317572253,552598305,14.56
2019-04-27,1317818653,552592819,11.99
2019-04-27,1318134357,552627678,12.71
2019-04-27,1318199375,552488222,-2.65
2019-04-27,1319320203,552632856,23.31
2019-04-27,1319557204,552474379,-3.27
2019-04-27,1320562203,552548695,-2.18
2019-04-27,1321957070,552551492,2.94
2019-04-27,1322085072,552589486,10.89
2019-04-27,1323222777,552654093,-1.36
2019-04-27,1323416100,552563029,-2.16
2019-04-27,1324727181,552564960,25.13
2019-04-27,1325356675,552655621,-2.13
2019-04-27,1325751622,552543076,23.01
2019-04-27,1326888732,552543562,-1.64
2019-04-27,1327746365,552571717,-3.27
2019-04-27,1327826058,552635082,-1.08
2019-04-27,1327941628,552603993,-0.13
2019-04-27,1328637794,552602785,1.74
2019-04-27,1328650221,552579304,-3.15
2019-04-27,1328689800,552633174,20.92
2019-04-27,1329580529,552621372,24.86
2019-04-27,1329698324,552655909,32.96
2019-04-27,1330801832,552526575,24.8
2019-04-27,1332195851,552596059,4.35
2019-04-27,1332397765,552564914,14.75
2019-04-27,1332789414,552655014,-1.09
2019-04-27,1333563267,552601626,12.95
2019-04-27,1333924637,552600978,13.41
2019-04-27,1334145176,552492016,34.96
2019-04-27,1335503549,552647046,-1.08
2019-04-27,1335900209,552501606,-2.73
2019-04-27,1336365133,552555524,-2.68
2019-04-27,1337653020,552524926,-17.95
2019-04-27,1338319232,552597580,-3.21
2019-04-27,1338334526,552655140,-2.18
2019-04-27,1338418358,552635252,-1.65
2019-04-27,1339107886,552599996,36.21
2019-04-27,1339204304,552579694,27.31
2019-04-27,1339267762,552641843,6.86
2019-04-27,1339370905,552618516,18.24
2019-04-27,1339693586,552554429,-3.27
2019-04-27,1339805499,552543787,-0.55
2019-04-27,1339977813,552615831,-0.55
2019-04-27,1340010991,552628145,-3.29
2019-04-27,1341172117,552622265,-6.54
2019-04-27,1341750603,552520243,15.38
2019-04-27,1342038215,552532772,-6.41
2019-04-27,1342068050,552620787,-1.64
2019-04-27,1344160739,552477606,-2.18
2019-04-27,1344527196,552648570,-1.72
2019-04-27,1345300335,552584486,-0.65
2019-04-27,1345314435,552636774,8.0
2019-04-27,1345447751,552650740,8.34
2019-04-27,1345732708,552547935,41.02
2019-04-27,1345970636,552607275,-4.36
2019-04-27,1346427243,552621427,67.33
2019-04-27,1346589597,552511374,-2.18
2019-04-27,1347938301,552597757,28.94
2019-04-27,1348253075,552645068,9.71
2019-04-27,1349772495,552599985,-1.63
2019-04-27,1349873525,552536863,-2.16
2019-04-27,1350104388,552649666,34.39
2019-04-27,1350464937,552599510,11.19
2019-04-27,1351556096,552602504,-12.04
2019-04-27,1351556096,552601913,7.66
2019-04-27,1351782947,552522270,-1.09
2019-04-27,1351816529,552567279,-2.16
2019-04-27,1352545085,552609110,33.23
2019-04-27,1352921832,552519435,29.9
2019-04-27,1353186214,552605630,-2.13
2019-04-27,1353186847,552647431,-2.68
2019-04-27,1355469848,552594093,9.13
2019-04-27,1355473253,552544222,-1.26
2019-04-27,1356830964,552490656,51.77
2019-04-27,1357357567,552569308,-1.27
2019-04-27,1357848803,552599975,54.84
2019-04-27,1358252710,552646549,14.31
2019-04-27,1358298108,552619030,17.02
2019-04-27,1358420520,552619304,-1.36
2019-04-27,1358905056,552616980,13.0
2019-04-27,1360313517,552653017,3.86
2019-04-27,1360822942,552470349,-4.31
2019-04-27,1360919200,552607679,24.0
2019-04-27,1361342966,552558796,-0.54
2019-04-27,1361419254,552542338,-6.6
2019-04-27,1361771008,552626468,13.52
2019-04-27,1361796816,552570052,11.19
2019-04-27,1362458968,552575624,2.14
2019-04-27,1363604340,552504327,-2.14
2019-04-27,1363702258,552592867,-1.09
2019-04-27,1364079123,552550862,18.69
2019-04-27,1364158414,552517100,-2.18
2019-04-27,1364418517,552644130,-3.27
2019-04-27,1365099686,552542789,-2.16
2019-04-27,1366173847,552646776,14.83
2019-04-27,1366321984,552518480,64.95
2019-04-27,1366622571,552620830,-1.09
2019-04-27,1366628972,552542252,18.92
2019-04-27,1367454745,552571368,-0.53
2019-04-27,1367612214,552534307,-1.09
2019-04-27,1368890665,552609515,-1.63
2019-04-27,1369115254,552510402,-2.7
2019-04-27,1369797721,552541119,-1.43
2019-04-27,1370935533,552641883,31.75
2019-04-27,1370944506,552629104,12.71
2019-04-27,1371061563,552655409,-0.93
2019-04-27,1372547903,552606364,-2.16
2019-04-27,1372975277,552555904,-1.47
2019-04-27,1374539439,552551902,-2.18
2019-04-27,1374649803,552589298,-2.93
2019-04-27,1374712775,552632960,14.59
2019-04-27,1375728654,552649350,-2.18
2019-04-27,1376077251,552548353,-2.18
2019-04-27,1376214022,552604962,9.99
2019-04-27,1377728065,552508973,2.0
2019-04-27,1378250784,552515166,22.45
2019-04-27,1379344316,552645164,38.84
2019-04-27,1379344316,552628830,2.18
2019-04-27,1379557127,552495327,-1.11
2019-04-27,1380385744,552610665,-5.44
2019-04-27,1380837992,552584487,-1.09
2019-04-27,1381166103,552610561,13.86
2019-04-27,1381385125,552472787,-0.81
2019-04-27,1381402657,552638251,37.67
2019-04-27,1381537562,552616071,-17.01
2019-04-27,1381590171,552557066,-0.55
2019-04-27,1382326491,552653346,-2.19
2019-04-27,1382585285,552586780,-2.99
2019-04-27,1383118484,552648498,5.32
2019-04-27,1383767514,552648521,26.15
2019-04-27,1383984361,552531993,-2.17
2019-04-27,1384563534,552500870,-2.17
2019-04-27,1385006496,552498833,-2.72
2019-04-27,1385125927,552544287,-1.09
2019-04-27,1385194308,552635166,19.98
2019-04-27,1386056072,552574609,26.62
2019-04-27,1386432358,552612996,30.74
2019-04-27,1386518527,552480465,2.18
2019-04-27,1387096820,552614889,17.24
2019-04-27,1387096820,552570107,4.27
2019-04-27,1387516602,552637140,6.5
2019-04-27,1387990020,552592738,-2.45
2019-04-27,1388197657,552552950,6.12
2019-04-27,1388448670,552584325,-1.09
2019-04-27,1388973885,552585561,2.18
2019-04-27,1389211487,552497879,-4.93
2019-04-27,1389242044,552550040,38.05
2019-04-27,1389497571,552600410,-1.07
2019-04-27,1390627738,552633027,-8.45
2019-04-27,1390792086,552613330,5.45
2019-04-27,1391539182,552622511,-0.54
2019-04-27,1392867876,552621777,24.79
2019-04-27,1393112572,552622455,6.43
2019-04-27,1393351283,552571824,-1.08
2019-04-27,1395043802,552497533,-1.09
2019-04-27,1395514798,552466982,-1.08
2019-04-27,1396021880,552611793,5.45
2019-04-27,1396292814,552631903,-1.08
2019-04-27,1396361528,552536737,-1.09
2019-04-27,1397229142,552576253,8.17
2019-04-27,1397327419,552547024,-2.15
2019-04-27,1397849434,552625684,-1.09
2019-04-27,1397948926,552538802,-2.18
2019-04-27,1398288604,552478621,-0.54
2019-04-27,1398366478,552644816,48.88
2019-04-27,1398410385,552618276,26.66
2019-04-27,1399440115,552565938,2.9
2019-04-27,1399793078,552533357,35.78
2019-04-27,1399958599,552586319,-2.16
2019-04-27,1401026997,552539076,-0.53
2019-04-27,1401435716,552512529,0.89
2019-04-27,1402403254,552633080,94.16
2019-04-27,1402681710,552620964,22.58
2019-04-27,1403659128,552620887,2.08
2019-04-27,1403775607,552555590,-4.33
2019-04-27,1404172504,552577499,-0.89
2019-04-27,1404478731,552651912,23.74
2019-04-27,1405200221,552598751,-1.09
2019-04-27,1408410413,552570790,2.18
2019-04-27,1408428507,552523212,-1.09
2019-04-27,1408663855,552656318,12.11
2019-04-27,1409201668,552592176,-1.09
2019-04-27,1409532395,552560161,2.22
2019-04-27,1409926517,552615784,-1.06
2019-04-27,1414209951,552597465,6.5
2019-04-27,1416183901,552629721,11.02
2019-04-27,1416221038,552643994,-2.14
2019-04-27,1416927621,552656074,1.08
2019-04-27,1417265213,552606563,11.97
2019-04-27,1417363907,552594260,-5.44
2019-04-27,1417885336,552601902,-1.1
2019-04-27,1418455812,552563954,-1.09
2019-04-27,1418876800,552552545,19.33
2019-04-27,1419068104,552646629,33.6
2019-04-27,1419168476,552653981,2.17
2019-04-27,1419288785,552552407,15.24
2019-04-27,1421802634,552519588,-0.79
2019-04-27,1421881134,552653582,-1.6
2019-04-27,1422119057,552638164,22.26
2019-04-27,1422273079,552649671,75.24
2019-04-27,1422497222,552593121,12.37
2019-04-27,1422502493,552604225,-1.6
2019-04-27,1423075074,552557730,-4.27
2019-04-27,1423193931,552591455,-1.09
2019-04-27,1423301277,552637352,19.74
2019-04-27,1424795647,552609674,-4.35
2019-04-27,1426877177,552569022,19.8
2019-04-27,1428442906,552626155,32.31
2019-04-27,1428572860,552649985,16.67
2019-04-27,1428787532,552520702,-1.09
2019-04-27,1429121743,552581591,34.42
2019-04-27,1429591517,552475135,-2.72
2019-04-27,1429616501,552630257,-3.31
2019-04-27,1432344770,552569331,-4.21
2019-04-27,1432473464,552631305,3.12
2019-04-27,1432689558,552510193,16.41
2019-04-27,1432925384,552520183,-2.18
2019-04-27,1435320878,552580112,5.96
2019-04-27,1435447042,552656302,-2.7
2019-04-27,1435676789,552609155,26.02
2019-04-27,1436734105,552587740,-7.55
2019-04-27,1436914336,552565029,-0.82
2019-04-27,1437969787,552572399,-4.35
2019-04-27,1438024230,552641304,-1.02
2019-04-27,1438436829,552468138,-2.72
2019-04-27,1438965758,552483435,19.77
2019-04-27,1439149562,552604694,-3.21
2019-04-27,1439264654,552519001,-10.98
2019-04-27,1439348726,552579820,5.35
2019-04-27,1439588266,552593550,18.51
2019-04-27,1440246273,552584210,37.63
2019-04-27,1442056352,552627615,6.06
2019-04-27,1443277777,552576051,15.09
2019-04-27,1443345536,552571497,9.79
2019-04-27,1443345536,552585378,9.8
2019-04-27,1445755578,552629472,21.41
2019-04-27,1446105787,552477643,-0.7
2019-04-27,1446550152,552655581,2.17
2019-04-27,1447387137,552607468,-1.63
2019-04-27,1447458980,552623888,-1.09
2019-04-27,1447693561,552650536,5.5
2019-04-27,1447693561,552652086,28.16
2019-04-27,1449690827,552646165,-3.28
2019-04-27,1449751773,552600688,26.31
2019-04-27,1450049620,552647060,16.57
2019-04-27,1452114423,552569501,6.63
2019-04-27,1452470420,552607627,-1.07
2019-04-27,1453209795,552653834,15.75
2019-04-27,1453382951,552649133,6.8
2019-04-27,1453746219,552578324,-6.55
2019-04-27,1454277540,552556982,17.75
2019-04-27,1454722235,552650398,10.9
2019-04-27,1456568772,552589487,-1.63
2019-04-27,1456929934,552539371,47.36
2019-04-27,1457108439,552588983,1.09
2019-04-27,1457355490,552558506,-3.15
2019-04-27,1457375891,552628242,-2.58
2019-04-27,1458461157,552639292,22.34
2019-04-27,1458538930,552654771,18.75
2019-04-27,1459527836,552634377,1.46
2019-04-27,1459689057,552612491,39.79
2019-04-27,1459696894,552615874,67.33
2019-04-27,1460046034,552544253,-1.65
2019-04-27,1460080038,552630948,-1.07
2019-04-27,1460203964,552514948,11.87
2019-04-27,1460216162,552626363,1.38
2019-04-27,1460490860,552468355,12.89
2019-04-27,1460915936,552525791,-2.2
2019-04-27,1461105000,552595470,-0.82
2019-04-27,1462519240,552583020,12.79
2019-04-27,1462867797,552513441,29.85
2019-04-27,1463497565,552623784,6.59
2019-04-27,1463949002,552637187,7.7
2019-04-27,1464693476,552581824,-1.6
2019-04-27,1466258985,552482417,-6.48
2019-04-27,1467199962,552653076,-5.44
2019-04-27,1467651057,552545878,2.71
2019-04-27,1468213436,552618072,-1.88
2019-04-27,1468435297,552496020,-2.18
2019-04-27,1469744689,552603818,-1.08
2019-04-27,1470267763,552551945,-1.07
2019-04-27,1470651174,552526789,8.69
2019-04-27,1470836084,552646007,12.46
2019-04-27,1471310250,552526218,17.12
2019-04-27,1471552406,552641383,16.77
2019-04-27,1471596118,552627637,-13.61
2019-04-27,1471736671,552620161,16.4
2019-04-27,1472111766,552604704,21.64
2019-04-27,1472189784,552561365,22.25
2019-04-27,1472797926,552545604,45.96
2019-04-27,1472926309,552638455,18.4
2019-04-27,1473382301,552649679,2.24
2019-04-27,1474557050,552487628,-3.5
2019-04-27,1474644974,552617538,-2.12
2019-04-27,1475053404,552584671,7.62
2019-04-27,1475547108,552496549,16.92
2019-04-27,1477254089,552554876,-1.65
2019-04-27,1477713983,552519998,-1.08
2019-04-27,1477821304,552587504,16.33
2019-04-27,1478021220,552543128,9.83
2019-04-27,1478208784,552613805,16.33
2019-04-27,1478243988,552619289,35.33
2019-04-27,1478927674,552474576,16.96
2019-04-27,1479165032,552621930,-5.0
2019-04-27,1479730665,552603441,-2.01
2019-04-27,1479828586,552565452,-6.44
2019-04-27,1480694071,552553949,5.88
2019-04-27,1480747303,552655752,-0.93
2019-04-27,1481048114,552509208,23.56
2019-04-27,1481724166,552536429,-1.09
2019-04-27,1482307466,552482244,-2.13
2019-04-27,1482427010,552656210,7.62
2019-04-27,1482751620,552569750,-3.82
2019-04-27,1483825501,552532740,-1.09
2019-04-27,1484901533,552585414,32.9
2019-04-27,1485782993,552598392,11.99
2019-04-27,1485807851,552555441,35.61
2019-04-27,1486071109,552538954,-4.36
2019-04-27,1487120319,552543899,-0.53
2019-04-27,1487272725,552512510,-2.16
2019-04-27,1487292948,552620732,-1.0
2019-04-27,1488763456,552640676,5.51
2019-04-27,1491036997,552645015,24.15
2019-04-27,1492362310,552598181,55.76
2019-04-27,1492720334,552486020,-2.17
2019-04-27,1493049272,552521631,22.06
2019-04-27,1493117718,552598904,-1.08
2019-04-27,1493438227,552549891,40.5
2019-04-27,1493553605,552524273,-0.54
2019-04-27,1493923656,552607034,-1.09
2019-04-27,1494138551,552537145,-2.72
2019-04-27,1494735943,552561627,1.06
2019-04-27,1495305731,552596221,-0.28
2019-04-27,1496004365,552645702,-4.35
2019-04-27,1497233152,552557845,0.76
2019-04-27,1497632721,552541393,-1.09
2019-04-27,1497711996,552489439,30.51
2019-04-27,1498465871,552654323,4.25
2019-04-27,1500172916,552565092,-2.13
2019-04-27,1500697685,552575904,45.32
2019-04-27,1501160883,552642925,8.07
2019-04-27,1501228491,552510596,-1.07
2019-04-27,1501811581,552466360,-1.08
2019-04-27,1501984858,552603353,28.83
2019-04-27,1503613336,552625343,14.86
2019-04-27,1504180052,552641338,2.16
2019-04-27,1506166030,552639929,36.6
2019-04-27,1506887651,552531035,-2.17
2019-04-27,1507444428,552586278,-1.86
2019-04-27,1508161420,552505843,-2.18
2019-04-27,1509318756,552599208,9.59
2019-04-27,1509463499,552502031,5.9
2019-04-27,1509626637,552533351,-0.52
2019-04-27,1509828521,552596797,-1.07
2019-04-27,1509949888,552649929,25.66
2019-04-27,1509963019,552655839,10.23
2019-04-27,1510546543,552569485,27.48
2019-04-27,1511694427,552641042,-2.18
2019-04-27,1511714060,552619801,19.75
2019-04-27,1511992547,552590826,5.01
2019-04-27,1512083740,552643915,-1.65
2019-04-27,1512304783,552504979,13.93
2019-04-27,1512308180,552520310,17.06
2019-04-27,1513462116,552563793,-1.09
2019-04-27,1513855954,552520595,-1.04
2019-04-27,1513862224,552555685,61.66
2019-04-27,1514028119,552611817,-5.0
2019-04-27,1514705064,552537623,18.04
2019-04-27,1514781971,552627836,26.11
2019-04-27,1514984276,552503593,38.28
2019-04-27,1515378298,552590679,4.35
2019-04-27,1516023178,552628971,13.16
2019-04-27,1516137185,552574596,6.53
2019-04-27,1516394565,552581783,-3.81
2019-04-27,1517488805,552585175,27.16
2019-04-27,1517886058,552534140,-1.89
2019-04-27,1517965185,552570715,31.26
2019-04-27,1519680925,552492182,-3.73
2019-04-27,1520687937,552479033,3.27
2019-04-27,1520847997,552632668,3.29
2019-04-27,1522292661,552632458,20.59
2019-04-27,1522451571,552503740,-0.55
2019-04-27,1524302846,552609743,-1.82
2019-04-27,1524424975,552587174,-5.99
2019-04-27,1524626376,552633084,25.23
2019-04-27,1524715303,552567815,-5.33
2019-04-27,1526078383,552467392,-1.11
2019-04-27,1526156321,552517478,-2.0
2019-04-27,1526342700,552522621,16.03
2019-04-27,1526616996,552589762,-3.3
2019-04-27,1527509697,552529119,18.11
2019-04-27,1527925419,552621466,-1.07
2019-04-27,1528429384,552621120,-4.0
2019-04-27,1529277748,552606526,14.03
2019-04-27,1529402152,552594321,4.35
2019-04-27,1530081863,552598332,-2.23
2019-04-27,1530091242,552552003,15.06
2019-04-27,1530236292,552590625,22.3
2019-04-27,1530937904,552471377,-1.63
2019-04-27,1531138143,552503643,-1.08
2019-04-27,1531626173,552632368,-2.18
2019-04-27,1532824994,552622368,2.67
2019-04-27,1532852998,552649995,6.59
2019-04-27,1533135844,552570417,-2.33
2019-04-27,1533408323,552612223,-1.06
2019-04-27,1534261756,552643755,25.32
2019-04-27,1534862300,552589323,16.69
2019-04-27,1534982026,552533514,-8.69
2019-04-27,1535116068,552637371,-3.28
2019-04-27,1535585316,552599163,48.64
2019-04-27,1535840042,552577309,10.01
2019-04-27,1536614888,552612778,23.02
2019-04-27,1537201907,552479640,8.98
2019-04-27,1537472280,552640316,28.72
2019-04-27,1537494241,552606536,21.62
2019-04-27,1537524602,552588824,-1.08
2019-04-27,1538078091,552616171,-2.17
2019-04-27,1538494158,552540858,26.92
2019-04-27,1540760753,552546952,-5.58
2019-04-27,1541030763,552574925,-4.35
2019-04-27,1541915857,552654203,-10.67
2019-04-27,1542409396,552524288,-1.9
2019-04-27,1542441214,552655987,6.52
2019-04-27,1542522851,552579727,3.27
2019-04-27,1542782208,552544921,16.26
2019-04-27,1542993806,552496566,-2.2
2019-04-27,1543243774,552622290,7.62
2019-04-27,1543244805,552595846,14.0
2019-04-27,1544926300,552530058,31.19
2019-04-27,1545883786,552572368,-2.18
2019-04-27,1546600183,552635486,7.73
2019-04-27,1546621000,552607242,-2.18
2019-04-27,1546885622,552471501,-0.55
2019-04-27,1547848154,552598458,1.0
2019-04-27,1547872350,552609376,51.55
2019-04-27,1548071257,552595111,10.75
2019-04-27,1548445922,552638717,3.71
2019-04-27,1548499478,552642455,-6.48
2019-04-27,1548945819,552653047,-2.74
2019-04-27,1550500221,552634518,29.0
2019-04-27,1550596838,552502701,-1.08
2019-04-27,1550697135,552606311,20.69
2019-04-27,1550799379,552654078,-5.0
2019-04-27,1552884788,552581058,-1.08
2019-04-27,1553152276,552649694,-7.56
2019-04-27,1553171499,552609498,29.48
2019-04-27,1553434329,552645804,4.23
2019-04-27,1553466198,552654794,2.17
2019-04-27,1553766743,552536578,14.03
2019-04-27,1554334345,552633596,-1.32
2019-04-27,1554845508,552550130,3.0
2019-04-27,1555140982,552482396,16.94
2019-04-27,1555754821,552599300,13.94
2019-04-27,1556019732,552651227,-2.12
2019-04-27,1556732179,552606946,17.18
2019-04-27,1557577252,552594824,-3.79
2019-04-27,1557577252,552623764,3.78
2019-04-27,1557837371,552626347,-2.14
2019-04-27,1557881618,552528727,25.75
2019-04-27,1557998910,552476864,-2.18
2019-04-27,1558501925,552532952,-1.11
2019-04-27,1558703706,552477333,-1.62
2019-04-27,1558965893,552618335,20.83
2019-04-27,1559100253,552538191,10.89
2019-04-27,1559199182,552590789,-0.86
2019-04-27,1559496594,552562552,2.72
2019-04-27,1560813984,552553814,-2.18
2019-04-27,1561651519,552514072,-2.17
2019-04-27,1561844089,552572025,-3.2
2019-04-27,1564340251,552635559,-1.1
2019-04-27,1565579788,552481502,-2.18
2019-04-27,1565914833,552655213,-3.0
2019-04-27,1567078530,552534675,18.65
2019-04-27,1567226573,552567701,23.89
2019-04-27,1567326616,552639208,3.06
2019-04-27,1568381188,552513848,-1.09
2019-04-27,1568383918,552634942,20.34
2019-04-27,1568437387,552471756,-2.45
2019-04-27,1568803078,552570533,20.69
2019-04-27,1569681871,552605474,8.26
2019-04-27,1570614205,552568153,8.42
2019-04-27,1571172586,552652006,4.73
2019-04-27,1571389067,552505977,-3.31
2019-04-27,1571651226,552505745,-1.85
2019-04-27,1571809485,552651942,19.39
2019-04-27,1572201055,552618264,-4.99
2019-04-27,1572376222,552559412,2.21
2019-04-27,1572603483,552622515,18.29
2019-04-27,1572627397,552597421,28.08
2019-04-27,1573151533,552627685,10.74
2019-04-27,1574047958,552615157,-4.35
2019-04-27,1574314203,552555669,2.0
2019-04-27,1575203718,552636601,-7.0
2019-04-27,1575578546,552620879,-3.18
2019-04-27,1576807947,552613053,29.43
2019-04-27,1577169107,552532578,-1.48
2019-04-27,1577255055,552575509,14.15
2019-04-27,1577255055,552554648,-1.09
2019-04-27,1577610652,552619286,-1.35
2019-04-27,1577666215,552626785,5.45
2019-04-27,1577833498,552644435,-2.15
2019-04-27,1577874613,552589087,-1.8
2019-04-27,1577897006,552613225,20.53
2019-04-27,1578053498,552633521,45.33
2019-04-27,1578183017,552637875,23.64
2019-04-27,1579078998,552592427,-5.4
2019-04-27,1580135840,552557629,65.62
2019-04-27,1580601517,552566236,-2.18
2019-04-27,1580853504,552650629,25.0
2019-04-27,1582192678,552624086,-3.0
2019-04-27,1582263106,552567483,46.34
2019-04-27,1583027098,552529288,-2.18
2019-04-27,1583341656,552626871,-4.38
2019-04-27,1584302391,552593384,51.94
2019-04-27,1584922439,552487237,-2.17
2019-04-27,1585059360,552525733,5.38
2019-04-27,1585668497,552512435,-0.54
2019-04-27,1585831475,552653273,25.16
2019-04-27,1586254493,552586776,4.53
2019-04-27,1586630723,552622757,-1.59
2019-04-27,1588385922,552461779,-2.18
2019-04-27,1589047602,552595326,-2.21
2019-04-27,1589074556,552598151,22.28
2019-04-27,1589198135,552624717,8.56
2019-04-27,1589542181,552624944,10.68
2019-04-27,1589779803,552639532,20.16
2019-04-27,1589823213,552641494,10.66
2019-04-27,1590195780,552627127,-1.59
2019-04-27,1590403087,552644959,-23.95
2019-04-27,1590673952,552594634,-1.08
2019-04-27,1591045375,552470907,-3.19
2019-04-27,1591225059,552634588,22.39
2019-04-27,1591248662,552624056,-0.91
2019-04-27,1591335023,552504539,-0.81
2019-04-27,1592527419,552620684,-2.0
2019-04-27,1593193262,552600643,-2.17
2019-04-27,1593588751,552486808,-6.54
2019-04-27,1594914342,552574394,-2.44
2019-04-27,1594982300,552494898,-14.15
2019-04-27,1595371758,552528932,-1.08
2019-04-27,1595611455,552591726,23.31
2019-04-27,1596410402,552605851,1.85
2019-04-27,1596773983,552544402,8.57
2019-04-27,1597907415,552543308,6.53
2019-04-27,1598661348,552573581,-1.09
2019-04-27,1599208157,552610870,2.67
2019-04-27,1599208157,552621502,36.95
2019-04-27,1599463403,552565637,3.07
2019-04-27,1600758244,552617307,30.87
2019-04-27,1600983966,552641509,-10.87
2019-04-27,1601538748,552551683,-6.48
2019-04-27,1602284377,552642013,38.45
2019-04-27,1602301338,552601517,31.83
2019-04-27,1603893730,552630558,11.37
2019-04-27,1603993744,552533498,-2.14
2019-04-27,1604252611,552617971,-3.0
2019-04-27,1605555469,552591900,26.27
2019-04-27,1605853361,552537429,-4.64
2019-04-27,1607215322,552637184,-0.82
2019-04-27,1607634318,552507354,-1.09
2019-04-27,1607790683,552648666,38.22
2019-04-27,1608115972,552655894,13.32
2019-04-27,1609703429,552570390,28.15
2019-04-27,1609792522,552513598,-3.84
2019-04-27,1609908076,552614803,12.85
2019-04-27,1609995962,552638754,5.95
2019-04-27,1611124357,552642297,30.88
2019-04-27,1612357859,552627152,18.57
2019-04-27,1613246487,552644978,10.49
2019-04-27,1613338827,552653936,10.07
2019-04-27,1614210363,552580045,22.05
2019-04-27,1614853515,552613205,6.48
2019-04-27,1614868830,552579381,-2.16
2019-04-27,1615726080,552488608,-2.14
2019-04-27,1616075389,552553385,-3.26
2019-04-27,1616117503,552597364,-2.18
2019-04-27,1616129849,552507584,8.17
2019-04-27,1616303125,552559254,2.17
2019-04-27,1616490769,552590579,1.25
2019-04-27,1616834817,552647999,33.18
2019-04-27,1616923743,552564481,5.06
2019-04-27,1616949076,552631909,-1.64
2019-04-27,1617524465,552521593,-4.36
2019-04-27,1617604986,552609344,45.92
2019-04-27,1618113008,552632473,-7.62
2019-04-27,1619018194,552517099,-5.46
2019-04-27,1619030096,552633085,-3.31
2019-04-27,1619196663,552596740,-2.16
2019-04-27,1619293652,552586292,11.92
2019-04-27,1619758925,552613046,7.76
2019-04-27,1620257359,552649389,37.77
2019-04-27,1620322425,552643911,13.34
2019-04-27,1620442679,552495194,-1.09
2019-04-27,1621517398,552586687,2.18
2019-04-27,1621524727,552592722,-0.76
2019-04-27,1621765672,552532863,-2.17
2019-04-27,1621841436,552514298,-2.13
2019-04-27,1622024919,552519834,18.14
2019-04-27,1622316957,552593532,-7.02
2019-04-27,1622998253,552654921,17.96
2019-04-27,1623133965,552507969,-2.13
2019-04-27,1623452426,552626176,25.93
2019-04-27,1623629937,552639198,0.27
2019-04-27,1623660343,552537912,-2.18
2019-04-27,1623748049,552518757,-2.18
2019-04-27,1623999895,552645299,0.21
2019-04-27,1624020955,552645010,2.7
2019-04-27,1624341062,552651314,26.74
2019-04-27,1624444178,552646404,22.62
2019-04-27,1624590609,552566889,-2.18
2019-04-27,1625794200,552625451,7.51
2019-04-27,1626039621,552608482,-1.06
2019-04-27,1626105518,552524965,23.4
2019-04-27,1626705320,552520542,29.7
2019-04-27,1626766368,552654286,-1.63
2019-04-27,1627596555,552593524,-3.01
2019-04-27,1627960048,552624130,26.08
2019-04-27,1628274284,552490670,28.62
2019-04-27,1629027597,552542424,-1.0
2019-04-27,1629897988,552547311,-3.63
2019-04-27,1629943192,552513471,2.77
2019-04-27,1630953588,552598872,-1.09
2019-04-27,1632693398,552512812,42.56
2019-04-27,1632789288,552589599,28.05
2019-04-27,1633072954,552643660,1.0
2019-04-27,1633511143,552558329,14.89
2019-04-27,1633586332,552496110,-1.08
2019-04-27,1634451131,552599092,-4.36
2019-04-27,1634990977,552640326,18.01
2019-04-27,1635231936,552610393,-7.0
2019-04-27,1635298352,552644680,-1.08
2019-04-27,1635473449,552638029,17.85
2019-04-27,1636808860,552560053,-6.53
2019-04-27,1636820599,552654926,24.3
2019-04-27,1637275087,552643761,16.53
2019-04-27,1637497582,552638678,-3.24
2019-04-27,1637512862,552553224,-2.18
2019-04-27,1637773906,552654392,-1.11
2019-04-27,1637776435,552589177,-2.12
2019-04-27,1638372748,552648552,26.93
2019-04-27,1638918635,552590164,-1.09
2019-04-27,1639165491,552545778,36.35
2019-04-27,1639685885,552620420,12.6
2019-04-27,1640721142,552487974,36.17
2019-04-27,1640988771,552580474,-1.62
2019-04-27,1641172688,552482168,-2.72
2019-04-27,1641842243,552476557,-1.06
2019-04-27,1642043074,552609993,27.41
2019-04-27,1642403753,552593703,-2.18
2019-04-27,1642595174,552619076,-1.09
2019-04-27,1643025684,552566664,8.66
2019-04-27,1644477523,552510516,-2.13
2019-04-27,1644565751,552640483,0.82
2019-04-27,1644740859,552515198,14.41
2019-04-27,1645037350,552594490,8.66
2019-04-27,1645401065,552561216,22.32
2019-04-27,1645475079,552541214,-0.54
2019-04-27,1645692196,552495897,7.51
2019-04-27,1646498610,552485920,-2.18
2019-04-27,1648611651,552627915,11.29
2019-04-27,1649033645,552578524,-0.82
2019-04-27,1649458862,552512366,7.89
2019-04-27,1650121194,552636091,22.76
2019-04-27,1650627415,552579276,-0.53
2019-04-27,1651220313,552566849,-1.09
2019-04-27,1651642045,552491600,-4.36
2019-04-27,1652433938,552645651,-1.65
2019-04-27,1652563094,552583008,19.59
2019-04-27,1652632626,552598739,-4.36
2019-04-27,1652871756,552484025,-2.12
2019-04-27,1652989779,552569739,-0.54
2019-04-27,1654554275,552566647,17.56
2019-04-27,1654913870,552521324,-6.4
2019-04-27,1654959287,552604920,8.85
2019-04-27,1655102373,552484862,-6.53
2019-04-27,1655173438,552652409,18.53
2019-04-27,1655596063,552602538,8.88
2019-04-27,1656381280,552594986,34.5
2019-04-27,1656663883,552608096,25.92
2019-04-27,1656845424,552594987,-1.96
2019-04-27,1657083517,552487923,-2.12
2019-04-27,1657083517,552502788,-2.12
2019-04-27,1657385006,552601552,8.59
2019-04-27,1657918137,552615005,-1.61
2019-04-27,1658042358,552635127,6.55
2019-04-27,1658232581,552651443,-3.0
2019-04-27,1659550405,552562510,20.06
2019-04-27,1659576393,552505303,-13.14
2019-04-27,1659895537,552608827,-3.26
2019-04-27,1659907609,552621836,36.97
2019-04-27,1659927551,552619333,-3.21
2019-04-27,1660514119,552581453,-3.8
2019-04-27,1660516673,552577406,29.04
2019-04-27,1661225517,552580435,15.94
2019-04-27,1661352465,552532558,-1.06
2019-04-27,1661476526,552598894,-1.08
2019-04-27,1661936180,552655019,-1.65
2019-04-27,1661973120,552598850,2.18
2019-04-27,1662296760,552635342,19.42
2019-04-27,1662305734,552515673,-1.07
2019-04-27,1662854111,552589731,15.5
2019-04-27,1663551458,552632867,-10.0
2019-04-27,1664071123,552616636,-1.08
2019-04-27,1664714425,552549277,3.73
2019-04-27,1665147307,552601448,2.47
2019-04-27,1665330625,552634214,0.26
2019-04-27,1665916404,552639309,30.94
2019-04-27,1666795858,552549416,-1.08
2019-04-27,1666862314,552574541,-3.54
2019-04-27,1667636128,552608275,41.92
2019-04-27,1667673135,552489644,-4.31
2019-04-27,1668960430,552652981,3.75
2019-04-27,1669044644,552494031,-2.41
2019-04-27,1669184687,552645133,-0.25
2019-04-27,1669449711,552596188,-1.08
2019-04-27,1669774717,552512261,-2.7
2019-04-27,1670045987,552597968,-4.89
2019-04-27,1670100771,552628852,25.51
2019-04-27,1670487107,552615873,19.89
2019-04-27,1672013095,552615427,-1.1
2019-04-27,1672391786,552635840,16.13
2019-04-27,1672983946,552559497,-3.27
2019-04-27,1674762760,552653590,20.25
2019-04-27,1675610407,552559614,-4.38
2019-04-27,1676046820,552642981,3.28
2019-04-27,1676493268,552636925,1.12
2019-04-27,1677196370,552607850,2.16
2019-04-27,1677741536,552571211,-0.5
2019-04-27,1679027490,552622661,12.62
2019-04-27,1679418226,552583734,-3.25
2019-04-27,1679596081,552557880,-6.5
2019-04-27,1679778385,552496616,-2.18
2019-04-27,1681019636,552525591,9.55
2019-04-27,1681197173,552654902,24.63
2019-04-27,1681472323,552602070,-2.16
2019-04-27,1681848508,552510934,11.08
2019-04-27,1681931641,552534230,-0.54
2019-04-27,1683237628,552606332,38.89
2019-04-27,1683379351,552479134,-2.13
2019-04-27,1683875935,552469770,-0.75
2019-04-27,1684103809,552486452,-1.09
2019-04-27,1684137340,552560111,35.98
2019-04-27,1684861704,552636802,19.8
2019-04-27,1685027240,552609459,-3.27
2019-04-27,1685970135,552559427,-3.27
2019-04-27,1686255253,552600738,-2.18
2019-04-27,1686430869,552644150,-0.53
2019-04-27,1686499939,552647300,81.22
2019-04-27,1686512286,552626806,-5.4
2019-04-27,1686560429,552570909,9.06
2019-04-27,1686757038,552598028,-2.14
2019-04-27,1686896253,552651797,12.31
2019-04-27,1687350654,552631828,13.36
2019-04-27,1687595308,552530947,-1.07
2019-04-27,1687769900,552555926,16.23
2019-04-27,1688624827,552586328,3.3
2019-04-27,1688657602,552622299,34.0
2019-04-27,1688964064,552563602,-1.62
2019-04-27,1689070107,552583137,20.42
2019-04-27,1689719956,552607168,18.83
2019-04-27,1690472308,552474548,-3.26
2019-04-27,1690767069,552539934,-3.24
2019-04-27,1690978628,552567638,-1.09
2019-04-27,1691783493,552629862,36.52
2019-04-27,1692540441,552522875,-1.34
2019-04-27,1693214759,552624483,-17.31
2019-04-27,1693431344,552565805,-2.45
2019-04-27,1693541606,552584317,-3.21
2019-04-27,1693594867,552474109,-2.18
2019-04-27,1693754247,552647908,-3.59
2019-04-27,1694184907,552566172,-1.61
2019-04-27,1694799819,552623955,27.94
2019-04-27,1695043807,552581793,23.0
2019-04-27,1695898250,552619001,-1.07
2019-04-27,1696319491,552618320,6.2
2019-04-27,1696384759,552649977,13.8
2019-04-27,1696690626,552542149,4.31
2019-04-27,1697676992,552599446,39.86
2019-04-27,1700103479,552561803,9.58
2019-04-27,1700304489,552534319,3.04
2019-04-27,1702131529,552556778,38.05
2019-04-27,1702604026,552614861,6.36
2019-04-27,1702689429,552603444,20.06
2019-04-27,1702768549,552590791,-1.22
2019-04-27,1702769942,552512093,-0.8
2019-04-27,1702829059,552537534,-1.08
2019-04-27,1702931609,552619345,20.33
2019-04-27,1704730167,552573929,21.59
2019-04-27,1705261424,552543103,25.77
2019-04-27,1706291862,552502497,-3.27
2019-04-27,1707504610,552602823,29.83
2019-04-27,1707526406,552583626,66.56
2019-04-27,1708062793,552622384,16.26
2019-04-27,1708255578,552565549,-3.24
2019-04-27,1709482045,552598877,8.22
2019-04-27,1710821693,552522721,-2.16
2019-04-27,1711002215,552608001,25.86
2019-04-27,1712297492,552596988,12.22
2019-04-27,1712410019,552491141,-2.17
2019-04-27,1712583783,552634315,-1.6
2019-04-27,1712747457,552619850,5.44
2019-04-27,1714502236,552480781,18.91
2019-04-27,1715641791,552585488,80.63
2019-04-27,1716310206,552526678,-0.8
2019-04-27,1716652434,552592308,25.9
2019-04-27,1716678565,552579171,-1.08
2019-04-27,1716678565,552578787,-1.08
2019-04-27,1718304059,552571444,17.75
2019-04-27,1719113967,552599499,39.06
2019-04-27,1720718551,552504097,-5.57
2019-04-27,1721706372,552506009,-1.1
2019-04-27,1721936898,552647619,-3.99
2019-04-27,1722522399,552630724,-3.27
2019-04-27,1723049187,552474036,10.56
2019-04-27,1723358941,552579932,-1.09
2019-04-27,1724886372,552611898,-1.33
2019-04-27,1724935563,552523353,-1.08
2019-04-27,1726161184,552639006,32.65
2019-04-27,1726472768,552620722,77.01
2019-04-27,1727521116,552547055,-4.4
2019-04-27,1728503834,552558768,18.92
2019-04-27,1729027176,552566024,2.2
2019-04-27,1729434484,552593687,27.98
2019-04-27,1729526897,552550684,-2.72
2019-04-27,1729788221,552576259,17.95
2019-04-27,1730245660,552600063,-2.18
2019-04-27,1730581492,552655802,14.59
2019-04-27,1731094501,552485761,-1.08
2019-04-27,1731420550,552489095,13.18
2019-04-27,1732188354,552490147,-4.28
2019-04-27,1732311670,552578023,-1.1
2019-04-27,1732351891,552559707,7.56
2019-04-27,1732534899,552535210,40.39
2019-04-27,1733378908,552630133,23.52
2019-04-27,1733717626,552603157,9.96
2019-04-27,1733997096,552646332,35.33
2019-04-27,1734317998,552558733,20.01
2019-04-27,1734333535,552594757,45.13
2019-04-27,1734543896,552547619,2.17
2019-04-27,1734666972,552520944,1.09
2019-04-27,1735601654,552486915,-1.09
2019-04-27,1736282072,552477487,33.32
2019-04-27,1736458031,552637229,28.3
2019-04-27,1737006717,552532638,-6.53
2019-04-27,1737252726,552528993,25.75
2019-04-27,1737339439,552622882,1.38
2019-04-27,1737339439,552626692,-1.38
2019-04-27,1737533455,552538557,-2.72
2019-04-27,1738066854,552490555,12.42
2019-04-27,1738107135,552551613,-2.7
2019-04-27,1738839092,552585153,-1.48
2019-04-27,1739101792,552478056,1.91
2019-04-27,1739895725,552595278,6.52
2019-04-27,1740894560,552523237,-1.09
2019-04-27,1742232163,552475523,-1.13
2019-04-27,1742791217,552528694,-0.54
2019-04-27,1742966892,552558148,-1.5
2019-04-27,1743264386,552533546,-1.09
2019-04-27,1743672053,552530398,-1.07
2019-04-27,1744008961,552616299,-2.21
2019-04-27,1745376979,552508454,-2.12
2019-04-27,1746140121,552553108,3.81
2019-04-27,1746351904,552652989,38.76
2019-04-27,1746477810,552526208,7.0
2019-04-27,1746977655,552465191,-3.26
2019-04-27,1748268993,552600264,10.35
2019-04-27,1748381354,552577884,-4.8
2019-04-27,1749127992,552486833,-5.66
2019-04-27,1749348933,552466243,-2.18
2019-04-27,1749992265,552580670,20.2
2019-04-27,1750201946,552639015,22.04
2019-04-27,1750804080,552619867,13.86
2019-04-27,1750993900,552594996,-1.08
2019-04-27,1751124256,552614046,-3.27
2019-04-27,1751563869,552599220,-2.12
2019-04-27,1751642402,552591102,51.5
2019-04-27,1751735671,552486407,39.05
2019-04-27,1752466716,552489480,-6.36
2019-04-27,1752513808,552572075,32.85
2019-04-27,1753047779,552541601,-2.12
2019-04-27,1753184935,552616337,9.74
2019-04-27,1753328770,552610662,-18.04
2019-04-27,1753596578,552626584,14.31
2019-04-27,1753690255,552644265,21.28
2019-04-27,1754414811,552600031,38.88
2019-04-27,1754721362,552527109,39.3
2019-04-27,1754931559,552625079,29.89
2019-04-27,1755478736,552523849,-2.72
2019-04-27,1755636268,552586640,47.77
2019-04-27,1756120289,552501741,25.76
2019-04-27,1756716937,552474821,-6.69
2019-04-27,1756762399,552515222,-4.36
2019-04-27,1756840596,552656291,3.0
2019-04-27,1757380955,552553076,-4.36
2019-04-27,1757577912,552475611,21.81
2019-04-27,1757650946,552541629,-16.33
2019-04-27,1757749006,552625234,20.0
2019-04-27,1757850129,552536319,9.26
2019-04-27,1759358617,552640366,52.87
2019-04-27,1760332181,552638448,-4.55
2019-04-27,1760442975,552605708,33.66
2019-04-27,1761315026,552564399,11.61
2019-04-27,1761362989,552538551,39.09
2019-04-27,1761371347,552632729,1.09
2019-04-27,1761583827,552604392,-1.1
2019-04-27,1761997541,552637518,8.0
2019-04-27,1762928473,552483577,-0.54
2019-04-27,1762952779,552528293,51.37
2019-04-27,1765180813,552590453,29.15
2019-04-27,1765333584,552610810,-1.35
2019-04-27,1765453428,552648783,-3.26
2019-04-27,1765516330,552469329,-1.07
2019-04-27,1765613344,552524797,12.93
2019-04-27,1765739867,552490357,15.0
2019-04-27,1766292535,552591519,8.69
2019-04-27,1766514338,552625379,-1.75
2019-04-27,1766571279,552491515,-1.07
2019-04-27,1766928920,552646505,-0.49
2019-04-27,1766947231,552544470,32.05
2019-04-27,1767298381,552535163,-1.62
2019-04-27,1767370930,552619995,17.6
2019-04-27,1767842380,552463409,-2.18
2019-04-27,1767894313,552500658,-9.85
2019-04-27,1768732429,552545788,-1.09
2019-04-27,1771245504,552527945,35.12
2019-04-27,1771774766,552646963,-0.81
2019-04-27,1771855999,552513795,-4.41
2019-04-27,1772092795,552572613,-1.06
2019-04-27,1772395453,552521461,-1.09
2019-04-27,1772890488,552551007,-6.4
2019-04-27,1773217598,552593204,26.19
2019-04-27,1773252985,552501046,-0.82
2019-04-27,1773493667,552606487,-0.54
2019-04-27,1775558567,552479111,15.02
2019-04-27,1775595551,552500013,-2.75
2019-04-27,1775683480,552576380,-2.2
2019-04-27,1776511071,552644131,-2.17
2019-04-27,1776525933,552576101,5.39
2019-04-27,1776693779,552641863,-3.44
2019-04-27,1776746959,552627689,6.15
2019-04-27,1776906303,552643381,-3.16
2019-04-27,1777111299,552643118,3.81
2019-04-27,1777426422,552587135,108.07
2019-04-27,1777893972,552623254,2.24
2019-04-27,1779755806,552515757,-2.18
2019-04-27,1779926883,552542220,-1.06
2019-04-27,1780777067,552593409,54.79
2019-04-27,1780951646,552547418,2.17
2019-04-27,1781335699,552520692,9.79
2019-04-27,1781820318,552612160,37.55
2019-04-27,1782397245,552510347,-2.37
2019-04-27,1782608687,552573374,37.78
2019-04-27,1784037523,552611538,-2.19
2019-04-27,1784302558,552633806,5.38
2019-04-27,1784777768,552486853,-1.62
2019-04-27,1784889608,552516927,-2.13
2019-04-27,1785303025,552571973,33.15
2019-04-27,1786515384,552626744,3.2
2019-04-27,1786852510,552648540,16.67
2019-04-27,1786875438,552618975,-2.18
2019-04-27,1787093355,552591117,14.88
2019-04-27,1787342997,552648262,23.7
2019-04-27,1787665382,552650945,11.94
2019-04-27,1788184689,552581258,10.72
2019-04-27,1788571161,552494425,-2.1
2019-04-27,1788642486,552571511,-2.34
2019-04-27,1788661883,552576925,21.09
2019-04-27,1788669192,552510024,-1.09
2019-04-27,1789235894,552516742,16.02
2019-04-27,1789359798,552652927,-2.18
2019-04-27,1789510114,552538723,-1.36
2019-04-27,1790039138,552634536,17.04
2019-04-27,1790245367,552556706,-4.89
2019-04-27,1790502894,552485303,-2.15
2019-04-27,1790502894,552504373,-2.14
2019-04-27,1790757246,552504853,-0.54
2019-04-27,1791100655,552531657,12.11
2019-04-27,1792489017,552640897,1.62
2019-04-27,1793227097,552655417,5.39
2019-04-27,1793957425,552646034,-1.12
2019-04-27,1794699313,552594461,68.3
2019-04-27,1795608396,552638187,44.92
2019-04-27,1796184035,552522395,-1.81
2019-04-27,1796508624,552635860,6.03
2019-04-27,1797377673,552516037,26.82
2019-04-27,1797538820,552514189,10.71
2019-04-27,1797765483,552508354,-2.17
2019-04-27,1798048667,552620836,25.75
2019-04-27,1798250338,552646264,-0.54
2019-04-27,1798461926,552635150,23.23
2019-04-27,1798786939,552596802,0.54
2019-04-27,1799563954,552517573,22.84
2019-04-27,1800730330,552603231,18.4
2019-04-27,1800919013,552590777,3.07
2019-04-27,1801180394,552619605,12.83
2019-04-27,1801544651,552531395,32.73
2019-04-27,1801611485,552552067,8.53
2019-04-27,1802440291,552605896,25.23
2019-04-27,1802630086,552542567,16.98
2019-04-27,1803194945,552590019,14.25
2019-04-27,1803349344,552567361,25.74
2019-04-27,1803458252,552620088,-3.01
2019-04-27,1804253052,552628652,14.87
2019-04-27,1804789942,552603082,-1.1
2019-04-27,1805378004,552593057,35.87
2019-04-27,1805389773,552610079,19.41
2019-04-27,1805645687,552524697,20.89
2019-04-27,1806037896,552607956,32.66
2019-04-27,1806335637,552564494,15.06
2019-04-27,1806556101,552529521,-2.18
2019-04-27,1806890562,552647647,5.98
2019-04-27,1807196689,552654331,17.34
2019-04-27,1807749368,552594673,24.11
2019-04-27,1808085316,552651789,-2.02
2019-04-27,1808266033,552624537,18.66
2019-04-27,1808282291,552645381,-1.1
2019-04-27,1808749226,552513402,-1.06
2019-04-27,1809186701,552485206,-0.54
2019-04-27,1810590239,552647605,24.79
2019-04-27,1810727450,552476563,-2.17
2019-04-27,1810986158,552496215,24.1
2019-04-27,1811179469,552559195,15.47
2019-04-27,1812042501,552651465,8.71
2019-04-27,1812089249,552651872,-1.32
2019-04-27,1812958441,552632438,14.5
2019-04-27,1813244750,552544548,-1.17
2019-04-27,1813843596,552538081,17.54
2019-04-27,1814511485,552539711,-2.0
2019-04-27,1816307333,552493544,21.86
2019-04-27,1816834616,552615979,-1.09
2019-04-27,1817353775,552627554,-3.89
2019-04-27,1817562764,552594503,21.43
2019-04-27,1818120164,552469834,-4.26
2019-04-27,1819578988,552652506,-5.48
2019-04-27,1820660573,552551386,-1.35
2019-04-27,1820854786,552636077,3.55
2019-04-27,1821408512,552573554,3.64
2019-04-27,1822132112,552518340,-7.57
2019-04-27,1822222242,552572123,39.94
2019-04-27,1822271492,552596573,-2.18
2019-04-27,1822510652,552509319,-1.64
2019-04-27,1823531882,552552464,-0.62
2019-04-27,1823992019,552631076,17.45
2019-04-27,1824205100,552628877,-2.19
2019-04-27,1824682836,552465321,-3.0
2019-04-27,1825133431,552576160,14.62
2019-04-27,1825144336,552615308,6.12
2019-04-27,1825512704,552487437,-1.09
2019-04-27,1825949853,552565681,-3.73
2019-04-27,1826614648,552579307,10.01
2019-04-27,1826761279,552562018,-1.08
2019-04-27,1827110297,552598217,-1.06
2019-04-27,1827233085,552607267,6.38
2019-04-27,1827523510,552650447,26.59
2019-04-27,1827765789,552617320,32.52
2019-04-27,1827823586,552517239,-1.08
2019-04-27,1828275758,552612755,-4.32
2019-04-27,1828673513,552616377,23.93
2019-04-27,1828908054,552592910,5.43
2019-04-27,1829299666,552557444,16.29
2019-04-27,1829299871,552491252,-0.55
2019-04-27,1829669220,552606019,-3.17
2019-04-27,1830156132,552521340,23.38
2019-04-27,1830463116,552599395,-5.39
2019-04-27,1830498497,552575892,41.02
2019-04-27,1830792444,552509671,-1.08
2019-04-27,1831174371,552586693,-1.09
2019-04-27,1832030369,552467177,-0.26
2019-04-27,1833913399,552588255,-5.44
2019-04-27,1834508083,552529730,16.62
2019-04-27,1835036427,552616285,-5.47
2019-04-27,1836622932,552512769,2.23
2019-04-27,1836907966,552543706,-0.55
2019-04-27,1836954490,552477056,-1.01
2019-04-27,1837213619,552587085,-2.12
2019-04-27,1837503722,552630170,-1.62
2019-04-27,1838128647,552498536,-2.38
2019-04-27,1838141943,552654369,35.4
2019-04-27,1838377099,552509483,-3.27
2019-04-27,1838717153,552506594,-6.48
2019-04-27,1838762073,552574771,-3.2
2019-04-27,1838806808,552517217,27.54
2019-04-27,1839460995,552630715,-1.09
2019-04-27,1840673649,552591071,10.99
2019-04-27,1841013623,552549866,23.47
2019-04-27,1841492343,552537410,23.62
2019-04-27,1842265438,552646171,16.58
2019-04-27,1843113694,552587020,-7.08
2019-04-27,1843517747,552621096,-1.75
2019-04-27,1843986956,552597938,-3.27
2019-04-27,1844087103,552512618,24.71
2019-04-27,1844733976,552479326,-2.16
2019-04-27,1846199342,552472431,-1.06
2019-04-27,1846337477,552618199,14.55
2019-04-27,1846451936,552552234,13.01
2019-04-27,1846671784,552588885,10.28
2019-04-27,1847086613,552510441,-0.41
2019-04-27,1847492400,552635505,-1.37
2019-04-27,1847575729,552593938,20.29
2019-04-27,1847688116,552641403,13.88
2019-04-27,1847758494,552493482,34.44
2019-04-27,1847784698,552642346,-1.0
2019-04-27,1848134209,552623026,-9.8
2019-04-27,1848219801,552623749,18.51
2019-04-27,1848288139,552574349,27.86
2019-04-27,1848992767,552570677,4.34
2019-04-27,1849220380,552570878,-0.87
2019-04-27,1849872127,552588236,-1.09
2019-04-27,1850340984,552625802,-1.59
2019-04-27,1850359664,552546267,10.88
2019-04-27,1850554321,552518875,26.03
2019-04-27,1850824336,552610541,2.88
2019-04-27,1851422120,552625163,-1.0
2019-04-27,1851578213,552628981,18.81
2019-04-27,1852571368,552620317,1.95
2019-04-27,1853072375,552656161,28.53
2019-04-27,1853150230,552620000,9.45
2019-04-27,1853164357,552566262,-1.08
2019-04-27,1853297473,552578576,5.6
2019-04-27,1853520029,552632976,6.38
2019-04-27,1854257585,552529666,-1.09
2019-04-27,1854294032,552540213,-0.53
2019-04-27,1854566276,552525988,-1.09
2019-04-27,1855494083,552478681,21.68
2019-04-27,1855794452,552488838,-4.28
2019-04-27,1855828045,552489505,-2.17
2019-04-27,1855951515,552503751,-4.0
2019-04-27,1856530401,552584657,22.57
2019-04-27,1856534380,552559004,3.01
2019-04-27,1856660096,552554289,-2.18
2019-04-27,1857427427,552648377,58.2
2019-04-27,1857773613,552621966,31.41
2019-04-27,1858761785,552629619,29.16
2019-04-27,1858964357,552569874,-2.18
2019-04-27,1859331940,552539960,15.7
2019-04-27,1859681905,552640442,19.35
2019-04-27,1859964613,552495643,5.76
2019-04-27,1860984978,552649937,21.31
2019-04-27,1862292135,552473630,-2.22
2019-04-27,1862404183,552506364,13.6
2019-04-27,1863051702,552655038,55.34
2019-04-27,1863454576,552574936,11.43
2019-04-27,1863702146,552615085,-6.53
2019-04-27,1864895506,552596106,-1.08
2019-04-27,1865299120,552581294,48.58
2019-04-27,1865506199,552601911,82.19
2019-04-27,1865656589,552621179,29.65
2019-04-27,1865903647,552475080,-1.01
2019-04-27,1866121426,552491259,-0.55
2019-04-27,1867438636,552565374,-2.21
2019-04-27,1868134696,552495644,68.32
2019-04-27,1869137559,552569117,-0.54
2019-04-27,1869840181,552583748,4.24
2019-04-27,1870145892,552597244,-1.09
2019-04-27,1870421626,552541450,-1.08
2019-04-27,1870619452,552574617,9.74
2019-04-27,1870650741,552539816,-2.17
2019-04-27,1870977879,552632417,-3.24
2019-04-27,1871503042,552646739,13.5
2019-04-27,1872654478,552647441,23.74
2019-04-27,1874292028,552618406,9.63
2019-04-27,1875286579,552622970,3.73
2019-04-27,1876445870,552554797,1.36
2019-04-27,1876697732,552599108,23.99
2019-04-27,1876807358,552483124,-0.91
2019-04-27,1877526086,552507151,32.99
2019-04-27,1877554508,552596305,-1.63
2019-04-27,1877942500,552529523,-4.4
2019-04-27,1878263150,552561483,30.5
2019-04-27,1878297969,552613615,35.8
2019-04-27,1878318293,552516739,-6.54
2019-04-27,1878427009,552529197,-0.66
2019-04-27,1878985832,552489132,-2.18
2019-04-27,1879960798,552494637,-0.77
2019-04-27,1880128269,552629196,3.27
2019-04-27,1880246887,552547992,-1.06
2019-04-27,1880642105,552583967,-0.81
2019-04-27,1881613582,552621474,30.45
2019-04-27,1881742455,552595909,16.04
2019-04-27,1881779819,552633708,10.31
2019-04-27,1881969300,552522308,5.38
2019-04-27,1882581049,552586187,17.65
2019-04-27,1883606400,552617952,27.0
2019-04-27,1884068509,552577811,-1.57
2019-04-27,1884104937,552483567,-1.09
2019-04-27,1885545638,552551727,34.8
2019-04-27,1887204448,552519390,-2.13
2019-04-27,1887426835,552647442,36.75
2019-04-27,1887531120,552511648,-1.08
2019-04-27,1888893425,552579560,12.75
2019-04-27,1889459683,552574915,56.54
2019-04-27,1889678148,552483020,7.89
2019-04-27,1891171815,552634635,-2.78
2019-04-27,1891182575,552545125,-4.33
2019-04-27,1891182575,552600290,4.75
2019-04-27,1891252658,552622749,15.92
2019-04-27,1891413732,552547751,4.18
2019-04-27,1891432918,552524244,-2.18
2019-04-27,1891678562,552489685,62.99
2019-04-27,1892545208,552655636,21.72
2019-04-27,1893731203,552641857,46.2
2019-04-27,1894723299,552524666,-2.16
2019-04-27,1895570299,552578982,55.4
2019-04-27,1895617593,552525233,-1.08
2019-04-27,1896207006,552597164,8.71
2019-04-27,1896447694,552583342,10.75
2019-04-27,1897037853,552598817,30.75
2019-04-27,1897241076,552530179,-9.16
2019-04-27,1897241076,552508214,9.16
2019-04-27,1897258909,552616439,6.53
2019-04-27,1897825529,552593721,6.21
2019-04-27,1897908176,552479261,6.53
2019-04-27,1898253833,552615065,-2.17
2019-04-27,1899161473,552465734,-2.21
2019-04-27,1899241933,552650751,4.36
2019-04-27,1899293690,552578031,13.03
2019-04-27,1899716458,552486499,12.07
2019-04-27,1899942568,552520336,8.73
2019-04-27,1900486309,552621114,18.9
2019-04-27,1900533105,552614305,34.21
2019-04-27,1900620430,552648893,-1.08
2019-04-27,1901516070,552648632,19.15
2019-04-27,1903835546,552561440,72.37
2019-04-27,1903935889,552545983,-11.97
2019-04-27,1904517342,552591756,-1.6
2019-04-27,1904820298,552557713,-5.3
2019-04-27,1905439772,552581656,8.23
2019-04-27,1905493132,552518230,-1.09
2019-04-27,1905936765,552512171,-2.72
2019-04-27,1906666593,552547012,1.09
2019-04-27,1906915723,552645638,5.0
2019-04-27,1907044000,552617279,23.22
2019-04-27,1907092868,552575960,-2.18
2019-04-27,1907207510,552525578,-1.09
2019-04-27,1907254914,552646843,2.0
2019-04-27,1907870730,552552082,-1.09
2019-04-27,1908183578,552640918,2.99
2019-04-27,1909133705,552519037,-1.08
2019-04-27,1909369428,552488530,-1.09
2019-04-27,1910229260,552550653,-1.09
2019-04-27,1910540271,552556994,-1.91
2019-04-27,1911339127,552552425,-3.2
2019-04-27,1912233345,552653899,-2.19
2019-04-27,1913482650,552496526,-1.07
2019-04-27,1914945654,552526412,-2.18
2019-04-27,1915164663,552636656,-2.4
2019-04-27,1915204909,552642578,6.53
2019-04-27,1915204909,552642866,1.09
2019-04-27,1915220234,552602015,21.1
2019-04-27,1915311557,552623464,30.61
2019-04-27,1916493624,552542584,-8.0
2019-04-27,1916540913,552610489,12.54
2019-04-27,1916540913,552612901,12.54
2019-04-27,1917752274,552572730,8.66
2019-04-27,1918269275,552490074,-1.74
2019-04-27,1919810015,552551767,-0.91
2019-04-27,1920475398,552532499,19.12
2019-04-27,1921185214,552654143,1.96
2019-04-27,1921213711,552631350,13.1
2019-04-27,1921931787,552487318,17.86
2019-04-27,1921946134,552461306,-1.09
2019-04-27,1922350029,552615128,16.21
2019-04-27,1922417387,552598810,18.6
2019-04-27,1922604072,552598328,31.27
2019-04-27,1922972760,552577516,-1.36
2019-04-27,1923005383,552474584,14.84
2019-04-27,1923676374,552566283,54.64
2019-04-27,1923941003,552545000,-2.17
2019-04-27,1924312092,552623893,-3.27
2019-04-27,1924656912,552580336,29.85
2019-04-27,1925631370,552655466,34.33
2019-04-27,1926404220,552641184,-1.36
2019-04-27,1926584710,552474768,-0.82
2019-04-27,1926587499,552629936,25.04
2019-04-27,1926892701,552573385,8.38
2019-04-27,1928752343,552628343,-1.09
2019-04-27,1928849613,552554228,-2.19
2019-04-27,1929554499,552522018,4.38
2019-04-27,1930596849,552498584,-1.08
2019-04-27,1930997125,552492398,-3.26
2019-04-27,1931033235,552476356,-1.61
2019-04-27,1931427408,552568042,27.88
2019-04-27,1932891674,552499765,-20.69
2019-04-27,1933288382,552486288,-2.18
2019-04-27,1933366216,552618230,-1.64
2019-04-27,1933419059,552477765,-1.6
2019-04-27,1935042878,552596843,23.0
2019-04-27,1935196370,552514927,-3.19
2019-04-27,1935455086,552505397,-0.75
2019-04-27,1935656621,552540367,2.45
2019-04-27,1936280607,552649380,20.28
2019-04-27,1936464286,552650520,31.64
2019-04-27,1936816664,552611776,-18.47
2019-04-27,1937435183,552644318,3.48
2019-04-27,1937474895,552616637,-2.16
2019-04-27,1938170260,552606696,12.23
2019-04-27,1938924580,552577108,4.35
2019-04-27,1939646603,552651500,26.29
2019-04-27,1940760219,552552132,18.92
2019-04-27,1941459061,552550065,25.76
2019-04-27,1942595849,552613109,22.04
2019-04-27,1942721440,552653348,2.01
2019-04-27,1944107814,552502198,-2.16
2019-04-27,1945257607,552499000,-2.18
2019-04-27,1945556301,552619940,13.48
2019-04-27,1945688895,552640385,-3.4
2019-04-27,1946162605,552654429,42.39
2019-04-27,1947066876,552553657,17.42
2019-04-27,1947461272,552603005,-1.1
2019-04-27,1948136336,552652574,34.36
2019-04-27,1948171144,552519927,3.26
2019-04-27,1949583580,552496187,32.48
2019-04-27,1950279163,552514374,-3.26
2019-04-27,1950353807,552642847,24.44
2019-04-27,1950524654,552558473,6.54
2019-04-27,1950533010,552591480,17.95
2019-04-27,1950803206,552486533,-2.73
2019-04-27,1950946499,552518640,-0.54
2019-04-27,1951216314,552529987,33.16
2019-04-27,1952292803,552539309,-1.09
2019-04-27,1952349606,552653553,-1.07
2019-04-27,1952524863,552520705,24.7
2019-04-27,1952665490,552591787,26.69
2019-04-27,1952816703,552589308,-4.36
2019-04-27,1953122408,552615958,9.72
2019-04-27,1953556432,552479501,10.29
2019-04-27,1954009583,552515478,-1.06
2019-04-27,1954322206,552520024,-1.0
2019-04-27,1954734258,552475827,-1.02
2019-04-27,1955306371,552617988,-2.21
2019-04-27,1955525696,552635583,22.49
2019-04-27,1955905956,552647257,33.6
2019-04-27,1956271081,552533559,-1.62
2019-04-27,1956377101,552640991,-2.18
2019-04-27,1956779716,552604072,1.55
2019-04-27,1957574854,552606580,30.7
2019-04-27,1957898849,552636040,-4.46
2019-04-27,1958079172,552587690,39.37
2019-04-27,1958437558,552467983,-1.62
2019-04-27,1958830751,552544440,13.6
2019-04-27,1959554937,552513215,-2.72
2019-04-27,1960007120,552608503,-2.14
2019-04-27,1960480193,552575044,27.75
2019-04-27,1960586364,552568216,-2.18
2019-04-27,1961110795,552631467,12.24
2019-04-27,1962602745,552591915,19.43
2019-04-27,1963449194,552645937,15.69
2019-04-27,1963798959,552580559,14.64
2019-04-27,1964555775,552633616,18.48
2019-04-27,1965466125,552639772,-1.09
2019-04-27,1966206821,552562821,14.16
2019-04-27,1966545189,552615358,34.01
2019-04-27,1966705681,552515577,0.91
2019-04-27,1967082312,552483966,-1.09
2019-04-27,1967112963,552619479,6.26
2019-04-27,1967452254,552594869,6.53
2019-04-27,1968180200,552645634,-2.12
2019-04-27,1969195699,552574884,14.2
2019-04-27,1969418949,552647141,3.25
2019-04-27,1969718598,552548224,-3.26
2019-04-27,1970062326,552602438,29.7
2019-04-27,1970551313,552538728,-2.27
2019-04-27,1971025368,552502521,-1.09
2019-04-27,1971092401,552598473,9.96
2019-04-27,1971370261,552480850,8.16
2019-04-27,1971408767,552595675,-1.63
2019-04-27,1972295728,552577487,-0.63
2019-04-27,1972302801,552654431,20.51
2019-04-27,1972689708,552597839,-0.54
2019-04-27,1972716694,552582515,1.93
2019-04-27,1973824199,552465757,-0.81
2019-04-27,1973930142,552637848,27.48
2019-04-27,1974887613,552488448,13.53
2019-04-27,1974898622,552499830,13.32
2019-04-27,1974974064,552608496,24.31
2019-04-27,1975314379,552503336,-1.06
2019-04-27,1975537413,552541575,-3.31
2019-04-27,1975606424,552544627,-1.36
2019-04-27,1976311776,552566841,-2.45
2019-04-27,1976366518,552584407,19.6
2019-04-27,1976539098,552637750,38.57
2019-04-27,1976606056,552562454,14.1
2019-04-27,1976606056,552565467,-14.1
2019-04-27,1977831790,552646409,11.39
2019-04-27,1977883012,552651203,8.18
2019-04-27,1978032119,552569443,18.25
2019-04-27,1978154604,552589360,-2.98
2019-04-27,1978547256,552648864,6.85
2019-04-27,1978639080,552559650,-3.27
2019-04-27,1978734561,552484311,8.47
2019-04-27,1979062115,552588972,-1.09
2019-04-27,1979147555,552652951,30.51
2019-04-27,1979836737,552552047,-2.21
2019-04-27,1979989946,552542988,24.27
2019-04-27,1980259570,552543956,-1.08
2019-04-27,1981623863,552522841,-1.63
2019-04-27,1981632000,552485525,-2.16
2019-04-27,1981911603,552601059,10.63
2019-04-27,1981987034,552525584,-20.73
2019-04-27,1982125778,552503572,-0.81
2019-04-27,1982651000,552543839,-2.13
2019-04-27,1983293436,552507484,-4.35
2019-04-27,1984553714,552580764,-7.46
2019-04-27,1985364025,552575615,-3.25
2019-04-27,1985575561,552607401,-0.44
2019-04-27,1986231145,552578523,12.37
2019-04-27,1987372160,552524281,12.99
2019-04-27,1989446763,552639761,28.98
2019-04-27,1989495051,552598869,-1.54
2019-04-27,1990019027,552472672,20.78
2019-04-27,1990078040,552587191,33.49
2019-04-27,1990336524,552495306,1.62
2019-04-27,1991089485,552643113,-10.75
2019-04-27,1991477273,552604740,27.88
2019-04-27,1991525154,552462753,-2.18
2019-04-27,1991768587,552554631,-2.14
2019-04-27,1991947312,552644169,10.08
2019-04-27,1992188004,552590529,23.02
2019-04-27,1992384194,552527815,-1.06
2019-04-27,1993205941,552519386,-1.66
2019-04-27,1993647560,552632363,32.22
2019-04-27,1993915761,552599930,34.29
2019-04-27,1994627687,552556138,13.2
2019-04-27,1994930678,552558114,-5.45
2019-04-27,1994973372,552591843,16.82
2019-04-27,1995402356,552650392,-0.93
2019-04-27,1996286735,552495186,-3.81
2019-04-27,1996383477,552586894,5.39
2019-04-27,1997265061,552647050,-1.03
2019-04-27,1999106089,552615549,-1.06
2019-04-27,1999278879,552646331,-10.93
2019-04-27,1999330639,552625259,9.94
2019-04-27,2000856664,552579467,-1.1
2019-04-27,2001222126,552541359,-2.16
2019-04-27,2002158783,552639605,-5.43
2019-04-27,2004102848,552614367,25.06
2019-04-27,2004580627,552514584,-1.08
2019-04-27,2005031552,552648560,2.17
2019-04-27,2005480560,513407967,-3.27
2019-04-27,2005481067,197610451,-2.0
2019-04-27,2005483106,299623112,39.47
2019-04-27,2006002193,552645703,-2.18
2019-04-27,2006189380,552592580,57.99
2019-04-27,2006234602,552626254,44.34
2019-04-27,2006804273,552517999,2.73
2019-04-27,2007326840,552572429,1.38
2019-04-27,2009433773,552498901,-1.1
2019-04-27,2009864904,552519915,-0.42
2019-04-27,2010026440,552569621,-1.09
2019-04-27,2010134804,552522398,-1.09
2019-04-27,2010304236,552602829,-1.36
2019-04-27,2010640352,552522685,28.55
2019-04-27,2010651498,552583602,-2.17
2019-04-27,2011586051,552615783,18.7
2019-04-27,2011831271,552585506,-2.18
2019-04-27,2011946632,552541762,-1.82
2019-04-27,2012638584,552494211,-4.36
2019-04-27,2012909616,552634632,15.95
2019-04-27,2013429369,552479621,-1.09
2019-04-27,2013821701,552653042,26.32
2019-04-27,2014247523,552611315,-1.9
2019-04-27,2015046206,552637066,11.25
2019-04-27,2015256970,552644991,15.08
2019-04-27,2015270858,552559622,-2.18
2019-04-27,2015906491,552462491,-3.26
2019-04-27,2016112107,552468978,-3.26
2019-04-27,2017400850,552500451,-8.66
2019-04-27,2017558984,552590631,-1.65
2019-04-27,2017624919,552638463,-4.35
2019-04-27,2018106923,552471487,-4.32
2019-04-27,2019056724,552562943,4.9
2019-04-27,2019559736,552594428,26.66
2019-04-27,2020355863,552581291,-2.19
2019-04-27,2022982582,552626646,32.46
2019-04-27,2023015984,552505618,-0.8
2019-04-27,2023159120,552616290,-2.68
2019-04-27,2023214498,552602485,-2.22
2019-04-27,2024697285,552654333,22.59
2019-04-27,2025189597,552592947,16.95
2019-04-27,2025957911,552651631,28.02
2019-04-27,2027195125,552609456,-1.62
2019-04-27,2027220288,552630969,12.0
2019-04-27,2027705883,552471965,9.88
2019-04-27,2027723656,552523184,5.44
2019-04-27,2028542930,552474271,22.19
2019-04-27,2028729376,552642352,4.08
2019-04-27,2030242383,552599389,16.83
2019-04-27,2030642724,552629136,1.36
2019-04-27,2032512259,552610496,5.58
2019-04-27,2033009484,552564002,5.92
2019-04-27,2033954673,552528002,15.3
2019-04-27,2033969238,552464593,-0.81
2019-04-27,2034219271,552508418,-2.18
2019-04-27,2034598896,552629623,-3.27
2019-04-27,2034910115,552654142,-0.79
2019-04-27,2035496363,552631197,11.32
2019-04-27,2035617141,552499939,12.27
2019-04-27,2035919994,552494406,-2.08
2019-04-27,2036380420,552610908,-1.63
2019-04-27,2037405759,552552244,19.06
2019-04-27,2038870323,552491090,23.8
2019-04-27,2038986629,552635371,-18.15
2019-04-27,2038986629,552631183,18.15
2019-04-27,2040878330,552600041,24.56
2019-04-27,2040887671,552610946,4.88
2019-04-27,2041140764,552500053,19.45
2019-04-27,2041278179,552556850,-3.26
2019-04-27,2041632851,552590326,59.09
2019-04-27,2041646894,552481277,-3.2
2019-04-27,2041790949,552652405,20.71
2019-04-27,2042342086,552496945,-2.12
2019-04-27,2042603512,552545904,-1.1
2019-04-27,2042818484,552643180,32.3
2019-04-27,2043266554,552649532,-3.59
2019-04-27,2044731103,552636908,10.67
2019-04-27,2044969691,552556980,43.38
2019-04-27,2045088881,552608824,17.84
2019-04-27,2045151163,552638726,34.84
2019-04-27,2045386399,552623718,62.25
2019-04-27,2045998937,552572499,21.51
2019-04-27,2046119078,552475144,-1.33
2019-04-27,2047354891,552613346,-2.12
2019-04-27,2047819451,552468889,-2.12
2019-04-27,2048563209,552476641,-0.25
2019-04-27,2048908539,552624222,-0.81
2019-04-27,2049196029,552574976,-1.09
2019-04-27,2049746886,552526057,-2.18
2019-04-27,2050358273,552538628,22.8
2019-04-27,2050646783,552561234,19.46
2019-04-27,2050768480,552491216,-0.55
2019-04-27,2050834798,552584957,19.77
2019-04-27,2051338342,552569491,14.2
2019-04-27,2051457829,552623084,31.1
2019-04-27,2051873028,552604659,21.07
2019-04-27,2052621741,552517089,-6.48
2019-04-27,2053003043,552612400,-11.43
2019-04-27,2053005910,552627910,-2.17
2019-04-27,2053167511,552513593,18.61
2019-04-27,2053753143,552623162,14.71
2019-04-27,2054136862,552629889,-5.0
2019-04-27,2054358184,552619065,12.03
2019-04-27,2054976435,552591232,7.64
2019-04-27,2055657970,552590091,4.39
2019-04-27,2056058419,552575565,3.13
2019-04-27,2056270134,552535468,-0.56
2019-04-27,2056965184,552570891,11.37
2019-04-27,2057326063,552656191,10.65
2019-04-27,2057952120,552653853,29.92
2019-04-27,2057974332,552529749,-2.45
2019-04-27,2059954700,552631308,-4.35
2019-04-27,2061273669,552493272,-2.18
2019-04-27,2061915822,552551732,7.38
2019-04-27,2063440096,552610851,12.07
2019-04-27,2064932885,552502957,15.58
2019-04-27,2065229813,552639723,43.05
2019-04-27,2065469584,552576508,-0.96
2019-04-27,2065564420,552611590,13.31
2019-04-27,2065566627,552499414,-2.16
2019-04-27,2066204325,552568921,-4.3
2019-04-27,2066759104,552620114,27.8
2019-04-27,2067884553,552544555,-2.21
2019-04-27,2067968508,552558128,-7.8
2019-04-27,2068241154,552647278,-1.09
2019-04-27,2068393151,552495480,-0.54
2019-04-27,2069013685,552576277,-2.17
2019-04-27,2069083565,552625880,2.45
2019-04-27,2070057228,552636364,12.43
2019-04-27,2072623916,552547535,7.53
2019-04-27,2073807063,552542065,35.5
2019-04-27,2073875812,552609397,6.44
2019-04-27,2074046583,552617075,25.43
2019-04-27,2074639561,552596863,-1.08
2019-04-27,2075426499,552641486,4.35
2019-04-27,2076050230,552615934,5.5
2019-04-27,2076206000,552590884,9.25
2019-04-27,2077257151,552472378,-1.08
2019-04-27,2077936546,552632662,5.4
2019-04-27,2078868386,552629474,26.78
2019-04-27,2079340728,552625584,23.17
2019-04-27,2079424753,552487125,-2.17
2019-04-27,2079480539,552490704,-0.54
2019-04-27,2079641078,552542044,5.76
2019-04-27,2080910059,552576776,-1.37
2019-04-27,2081380164,552611014,3.44
2019-04-27,2083065639,552583128,6.47
2019-04-27,2083395165,552504690,-3.24
2019-04-27,2083413072,552575555,15.9
2019-04-27,2083604717,552571099,0.83
2019-04-27,2084249081,552499940,17.8
2019-04-27,2084470220,552527526,-4.29
2019-04-27,2084956347,552592151,-2.67
2019-04-27,2086534779,552534449,-3.26
2019-04-27,2086643983,552530684,25.91
2019-04-27,2087153342,552604812,40.13
2019-04-27,2087536326,552654225,-1.08
2019-04-27,2088326477,552592148,4.59
2019-04-27,2089051300,552477880,-2.16
2019-04-27,2089481936,552651553,-1.13
2019-04-27,2089653015,552490887,-5.45
2019-04-27,2089738552,552548455,2.75
2019-04-27,2090669039,552654151,14.25
2019-04-27,2091228280,552617015,13.9
2019-04-27,2091252784,552529088,-3.26
2019-04-27,2091419532,552625052,7.59
2019-04-27,2091891718,552619765,-0.97
2019-04-27,2091987779,552495208,-2.18
2019-04-27,2092397898,552580354,-4.93
2019-04-27,2092816164,552643468,17.63
2019-04-27,2093102367,552645005,19.81
2019-04-27,2093321757,552504300,-2.17
2019-04-27,2093341976,552588904,-0.54
2019-04-27,2093811596,552647557,-10.96
2019-04-27,2093884598,552615767,18.88
2019-04-27,2094097382,552622794,5.71
2019-04-27,2094344101,552629250,-0.5
2019-04-27,2094934897,552583755,13.07
2019-04-27,2095291170,552622760,27.34
2019-04-27,2095373501,552556416,22.94
2019-04-27,2096585874,552569465,2.42
2019-04-27,2096812161,552624990,-3.24
2019-04-27,2096821270,552631553,44.6
2019-04-27,2096989487,552506250,13.17
2019-04-27,2097270833,552613146,44.59
2019-04-27,2097408256,552653789,7.6
2019-04-27,2097610771,552578754,37.64
2019-04-27,2097978584,552508301,12.27
2019-04-27,2098150258,552623253,15.28
2019-04-27,2098195642,552532149,14.6
2019-04-27,2098734583,552638965,-5.41
2019-04-27,2098858992,552643100,28.92
2019-04-27,2100214847,552569597,36.32
2019-04-27,2100634803,552613588,-3.2
2019-04-27,2100816105,552576217,13.0
2019-04-27,2101744402,552579736,10.36
2019-04-27,2101852512,552644810,9.8
2019-04-27,2102867062,552644308,24.51
2019-04-27,2103130727,552600959,25.78
2019-04-27,2103239812,552649313,5.86
2019-04-27,2103633120,552622005,6.48
2019-04-27,2103803319,552565989,-1.09
2019-04-27,2104496876,552618191,29.7
2019-04-27,2104530626,552541140,5.46
2019-04-27,2104818178,552548629,-10.89
2019-04-27,2105294316,552536277,25.8
2019-04-27,2106200788,552535703,-3.27
2019-04-27,2106503931,552525142,-6.52
2019-04-27,2106832515,552597211,11.15
2019-04-27,2107302510,552639454,5.39
2019-04-27,2108443286,552655668,2.5
2019-04-27,2108520620,552627442,-3.29
2019-04-27,2108929370,552554392,-3.25
2019-04-27,2109426533,552605521,-0.55
2019-04-27,2109683849,552640147,-2.19
2019-04-27,2109760224,552641340,-3.26
2019-04-27,2109975618,552489826,17.8
2019-04-27,2110421190,552619750,-2.99
2019-04-27,2110558250,552484840,-1.09
2019-04-27,2110598727,552628622,-2.16
2019-04-27,2110797989,552600947,18.18
2019-04-27,2111182448,552623459,-1.97
2019-04-27,2111193188,552515076,-2.73
2019-04-27,2112528709,552625961,-1.33
2019-04-27,2113483655,552532195,61.31
2019-04-27,2113599080,552621522,8.21
2019-04-27,2113819721,552558679,17.26
2019-04-27,2113908882,552510879,14.11
2019-04-27,2115004910,552647851,30.04
2019-04-27,2115563693,552483479,35.94
2019-04-27,2115803705,552592048,-4.09
2019-04-27,2116245042,552634547,32.91
2019-04-27,2116408454,552619694,19.24
2019-04-27,2116451984,552503558,-5.48
2019-04-27,2117577491,552636282,20.16
2019-04-27,2117976888,552649119,4.57
2019-04-27,2117976888,552649587,0.59
2019-04-27,2117976888,552649756,0.87
2019-04-27,2118753946,552621652,44.21
2019-04-27,2119487213,552597402,8.82
2019-04-27,2119988113,552522616,-2.13
2019-04-27,2120413428,552614828,39.28
2019-04-27,2120660872,552587798,14.61
2019-04-27,2121951518,552497052,-2.12
2019-04-27,2122287324,552491194,-2.72
2019-04-27,2122746680,552513187,5.29
2019-04-27,2122902117,552630612,-1.08
2019-04-27,2123761800,552491313,-3.27
2019-04-27,2124262622,552612309,19.23
2019-04-27,2124269057,552635926,-1.11
2019-04-27,2125786227,552578821,-1.08
2019-04-27,2126071077,552566048,23.39
2019-04-27,2127017340,552619984,-3.19
2019-04-27,2127697065,552500510,3.13
2019-04-27,2127842580,552632047,3.0
2019-04-27,2128417146,552567947,-1.08
2019-04-27,2128653885,552500457,76.64
2019-04-27,2129899370,552544475,11.98
2019-04-27,2131705860,552602802,25.43
2019-04-27,2131757532,552640737,-1.09
2019-04-27,2132194323,552561270,-1.09
2019-04-27,2132323761,552489393,21.69
2019-04-27,2132357635,552564121,18.09
2019-04-27,2134361234,552616797,8.71
2019-04-27,2135226483,552491910,3.26
2019-04-27,2135446839,552591586,13.98
2019-04-27,2136103928,552536911,3.7
2019-04-27,2136224953,552639937,5.94
2019-04-27,2136651946,552621685,-6.54
2019-04-27,2137458291,552607448,44.38
2019-04-27,2137604505,552633547,17.3
2019-04-27,2138983093,552473030,2.91
2019-04-27,2139467875,552545664,20.52
2019-04-27,2139885501,552638083,-1.08
2019-04-27,2140181502,552654386,29.52
2019-04-27,2140433799,552651563,28.53
2019-04-27,2141106814,552630237,-1.63
2019-04-27,2141983794,552538096,16.42
2019-04-27,2142299553,552628522,31.78
2019-04-27,2142424102,552615684,19.4
2019-04-27,2143066087,552476341,-1.07
2019-04-27,2143689925,552575011,22.46
2019-04-27,2144030207,552619373,11.95
2019-04-27,2144663552,552597658,-0.54
2019-04-27,2145162827,552635190,78.68
2019-04-27,2146292815,552622902,12.27
2019-04-27,2146358059,552637945,-3.01
